original_title,studio,foreign_gross,release_date,production_budget,domestic_gross,worldwide_gross
Toy Story 3,BV,652000000,2010-06-18,200000000.0,415004880.0,1068879522.0
Inception,WB,535700000,2010-07-16,160000000.0,292576195.0,835524642.0
Shrek Forever After,P/DW,513900000,2010-05-21,165000000.0,238736787.0,756244673.0
The Twilight Saga: Eclipse,Sum.,398000000,2010-06-30,68000000.0,300531751.0,706102828.0
Iron Man 2,Par.,311500000,2010-05-07,170000000.0,312433331.0,621156389.0
Tangled,BV,391000000,2010-11-24,260000000.0,200821936.0,586477240.0
Despicable Me,Uni.,291600000,2010-07-09,69000000.0,251513985.0,543464573.0
How to Train Your Dragon,P/DW,277300000,2010-03-26,165000000.0,217581232.0,494870992.0
The Chronicles of Narnia: The Voyage of the Dawn Treader,Fox,311300000,2010-12-10,155000000.0,104386950.0,418186950.0
The Karate Kid,Sony,182500000,2010-06-11,40000000.0,176591618.0,351774938.0
The Karate Kid,Sony,182500000,1984-06-22,8000000.0,90815558.0,90815558.0
Black Swan,FoxS,222400000,2010-12-03,13000000.0,106954678.0,331266710.0
Megamind,P/DW,173500000,2010-11-05,130000000.0,148415853.0,321887208.0
Robin Hood,Uni.,216400000,2010-05-14,210000000.0,105487148.0,322459006.0
Robin Hood,Uni.,216400000,2018-11-21,99000000.0,30824628.0,84747441.0
The Last Airbender,Par.,187900000,2010-07-01,150000000.0,131772187.0,319713881.0
Little Fockers,Uni.,162200000,2010-12-22,100000000.0,148438600.0,310650574.0
Resident Evil: Afterlife,SGem,240100000,2010-09-10,57500000.0,60128566.0,295874190.0
Shutter Island,Par.,166800000,2010-02-19,80000000.0,128012934.0,299461782.0
Salt,Sony,175200000,2010-07-23,130000000.0,118311368.0,290650494.0
Sex and the City 2,WB (NL),193000000,2010-05-27,95000000.0,95347692.0,294680778.0
The Tourist,Sony,210700000,2010-12-10,100000000.0,67631157.0,278731369.0
The Expendables,LGF,171400000,2010-08-13,82000000.0,103068524.0,268268174.0
Grown Ups,Sony,109400000,2010-06-25,75000000.0,162001186.0,272223430.0
True Grit,Par.,81000000,2010-12-22,35000000.0,171243005.0,252276928.0
Gulliver's Travels,Fox,194600000,2010-12-25,112000000.0,42779261.0,232017848.0
The Social Network,Sony,128000000,2010-10-01,40000000.0,96962694.0,224922135.0
Valentine's Day,WB (NL),106000000,2010-02-12,52000000.0,110485654.0,217569328.0
The Sorcerer's Apprentice,BV,152100000,2010-07-14,160000000.0,63150991.0,217986320.0
Due Date,WB,111200000,2010-11-05,65000000.0,100539043.0,211739043.0
Eat Pray Love,Sony,124000000,2010-08-13,60000000.0,80574010.0,206598789.0
Yogi Bear,WB,101300000,2010-12-17,80000000.0,100246011.0,204774690.0
Red,Sum.,108600000,2010-10-15,60000000.0,90380162.0,196439693.0
Paranormal Activity 2,Par.,92800000,2010-10-20,3000000.0,84752907.0,177512032.0
The A-Team,Fox,100000000,2010-06-11,110000000.0,77222099.0,177241171.0
The Other Guys,Sony,51200000,2010-08-06,100000000.0,119219978.0,170936470.0
Unstoppable,Fox,86200000,2010-11-12,95000000.0,81562942.0,165720921.0
The Book of Eli,WB,62300000,2010-01-15,80000000.0,94835059.0,158750817.0
The Town,WB,61800000,2010-09-17,37000000.0,92186262.0,152566881.0
Date Night,Fox,53600000,2010-04-09,55000000.0,98711404.0,152269033.0
Legend of the Guardians: The Owls of Ga'Hoole,WB,84400000,2010-09-24,100000000.0,55675313.0,139716717.0
The Wolfman,Uni.,77800000,2010-02-12,150000000.0,62189884.0,142634358.0
The Bounty Hunter,Sony,69300000,2010-03-19,45000000.0,67061228.0,135808837.0
Saw 3D,LGF,90400000,2010-10-29,17000000.0,45710178.0,133735284.0
The Fighter,Par.,35600000,2010-12-10,11000000.0,93617009.0,129262388.0
Predators,Fox,75200000,2010-07-09,40000000.0,52000688.0,127234389.0
Dear John,SGem,35000000,2010-02-05,25000000.0,80014842.0,142033509.0
Cats & Dogs: The Revenge of Kitty Galore,WB,68900000,2010-07-30,85000000.0,43585753.0,113026383.0
Tooth Fairy,Fox,52400000,2010-01-22,48000000.0,60022256.0,112610386.0
Life as We Know It,WB,52300000,2010-10-08,38000000.0,53374681.0,105887837.0
Hereafter,WB,72500000,2010-10-15,50000000.0,32746941.0,108660270.0
The Girl with the Dragon Tattoo,MBox,94300000,2011-12-20,90000000.0,102515793.0,239373970.0
Love and Other Drugs,Fox,70500000,2010-11-24,30000000.0,32367005.0,102716321.0
Killers,LGF,51100000,2010-06-04,75000000.0,47059963.0,95572749.0
Kick-Ass,LGF,48100000,2010-04-16,28000000.0,48071303.0,97531134.0
Green Zone,Uni.,59800000,2010-03-12,100000000.0,35497337.0,97523020.0
Get Him to the Greek,Uni.,30300000,2010-06-04,40000000.0,61153526.0,91455875.0
Burlesque,SGem,50100000,2010-11-24,55000000.0,39440655.0,90552675.0
The Last Song,BV,26100000,2010-03-31,20000000.0,62950384.0,92678948.0
Dinner for Schmucks,P/DW,13800000,2010-07-30,69000000.0,73026337.0,86796502.0
Marmaduke,Fox,50100000,2010-06-04,50000000.0,33644788.0,89895930.0
Piranha 3D,W/Dim.,58200000,2010-08-20,24000000.0,25003155.0,83660160.0
Oceans,BV,63200000,2010-04-22,80000000.0,19422319.0,86787530.0
Edge of Darkness,WB,37800000,2010-01-29,60000000.0,43313890.0,82812456.0
Vampires Suck,Fox,43900000,2010-08-18,20000000.0,36661504.0,81424988.0
Letters to Juliet,Sum.,26100000,2010-05-14,30000000.0,53032453.0,82148538.0
Diary of a Wimpy Kid,Fox,11700000,2010-03-19,15000000.0,64003625.0,76954311.0
Easy A,SGem,16600000,2010-09-17,8000000.0,58401464.0,76200721.0
Takers,SGem,11300000,2010-08-27,32000000.0,57744720.0,70587268.0
The American,Focus,32299999,2010-09-01,20000000.0,35606376.0,67950723.0
The Last Exorcism,LGF,26700000,2010-08-27,1800000.0,41034350.0,70165900.0
The Next Three Days,LGF,46300000,2010-11-19,30000000.0,21148651.0,67255916.0
Skyline,Uni.,45400000,2010-11-12,10000000.0,21416355.0,68264973.0
Hot Tub Time Machine,MGM,14300000,2010-03-26,36000000.0,50269859.0,65967750.0
Devil,Uni.,29100000,2010-09-17,10000000.0,33679655.0,63354114.0
127 Hours,FoxS,42400000,2010-11-05,18000000.0,18335230.0,60217171.0
Secretariat,BV,537000,2010-10-08,35000000.0,59699513.0,60376247.0
The Ghost Writer,Sum.,44700000,2010-02-19,45000000.0,15541549.0,65532491.0
Morning Glory,Par.,29000000,2010-11-10,40000000.0,31011732.0,59795070.0
Remember Me,Sum.,37000000,2010-03-12,16000000.0,19068240.0,56506120.0
Cop Out,WB,10700000,2010-02-26,37000000.0,44875481.0,55909910.0
The Crazies,Over.,15700000,2010-02-26,19000000.0,39123589.0,56445534.0
Daybreakers,LGF,21300000,2010-01-08,20000000.0,30101577.0,51445503.0
The Switch,Mira.,22100000,2010-08-20,19000000.0,27758465.0,49858465.0
She's Out of My League,Par.,17800000,2010-03-12,20000000.0,32010860.0,48680977.0
Charlie St. Cloud,Uni.,17000000,2010-07-30,44000000.0,31206263.0,48478084.0
The Spy Next Door,LGF,20900000,2010-01-15,28000000.0,24307106.0,46752858.0
Machete,Fox,17500000,2010-09-03,12500000.0,26593646.0,46370970.0
My Name is Khan,FoxS,38300000,2010-02-12,8470000.0,4046336.0,42355526.0
Going the Distance,WB (NL),24200000,2010-09-03,32000000.0,17804299.0,43603990.0
Agora,NM,38400000,2010-05-28,70000000.0,619423.0,38992292.0
For Colored Girls,LGF,17300,2010-11-05,21000000.0,37729698.0,38017873.0
Brooklyn's Finest,Over.,9300000,2010-03-05,17000000.0,27163593.0,39233233.0
Furry Vengeance,Sum.,18600000,2010-04-30,35000000.0,17630465.0,39340177.0
Faster,CBS,12400000,2010-11-24,24000000.0,23240020.0,35792945.0
The Kids Are All Right,Focus,13900000,2010-07-09,4000000.0,20811365.0,36275469.0
You Will Meet a Tall Dark Stranger,SPC,31000000,2010-09-22,15000000.0,3247816.0,34247816.0
Leap Year,Uni.,6700000,2010-01-08,19000000.0,25918920.0,32618920.0
You Again,BV,6300000,2010-09-24,20000000.0,25702053.0,32838945.0
The Losers,WB,5800000,2010-04-23,25000000.0,23591432.0,29863840.0
Case 39,ParV,14900000,2010-10-01,27000000.0,13261851.0,28773827.0
Ramona and Beezus,Fox,1100000,2010-07-23,15000000.0,26167002.0,27469621.0
Splice,WB,9800000,2010-06-04,30000000.0,17010170.0,28542494.0
Let Me In,Over.,12000000,2010-10-01,20000000.0,12134935.0,28270399.0
Mao's Last Dancer,Gold.,17500000,2010-08-20,18000000.0,4806750.0,25941437.0
Just Wright,FoxS,29900,2010-05-14,12000000.0,21540363.0,21867665.0
Our Family Wedding,FoxS,1200000,2010-03-12,14000000.0,20255281.0,21410546.0
My Soul to Take,Uni.,6200000,2010-10-08,25000000.0,14744435.0,16727470.0
"I Love You, Phillip Morris",RAtt.,18700000,2010-12-03,13000000.0,2037459.0,23014027.0
Country Strong,SGem,310000,2010-12-22,15000000.0,20218921.0,20601987.0
Another Year,SPC,16500000,2010-12-29,8000000.0,3205706.0,20005613.0
Youth in Revolt,W/Dim.,4400000,2010-01-08,18000000.0,15285588.0,19685588.0
Buried,LGF,18100000,2010-09-24,1987650.0,1044143.0,21270290.0
[Rec] 2,Magn.,18500000,2010-07-09,5600000.0,27766.0,18527766.0
Repo Men,Uni.,4600000,2010-03-19,32000000.0,13942007.0,18195238.0
Soul Kitchen,IFC,17600000,2010-08-20,4900000.0,276901.0,23347461.0
Micmacs,SPC,15100000,2010-05-28,42000000.0,1259693.0,11756922.0
The Nutcracker in 3D,Free,16000000,2010-11-24,90000000.0,195459.0,20466016.0
Sea Rex 3D: Journey to a Prehistoric World,3D,9900000,2010-05-28,5000000.0,6096582.0,16515203.0
Extraordinary Measures,CBS,3100000,2010-01-22,31000000.0,12482741.0,15826984.0
Somewhere,Focus,12200000,2010-12-22,7000000.0,1785645.0,17023121.0
Winter's Bone,RAtt.,7300000,2010-06-11,2000000.0,6531503.0,16131551.0
The Last Station,SPC,6900000,2010-01-15,18000000.0,6617867.0,15696146.0
Made in Dagenham,SPC,11300000,2010-11-19,8000000.0,1095369.0,15644196.0
Blue Valentine,Wein.,2600000,2010-12-29,1000000.0,9737892.0,16566240.0
Chloe,SPC,8600000,2010-03-26,13000000.0,3075255.0,11831131.0
The Warrior's Way,Rela.,5400000,2010-12-03,42000000.0,5666340.0,8514325.0
Jonah Hex,WB,356000,2010-06-18,47000000.0,10547117.0,11022696.0
Harry Brown,Gold.,8500000,2010-04-30,7300000.0,1818681.0,12023606.0
Cyrus,FoxS,2500000,2010-06-18,7000000.0,7468936.0,10062896.0
Conviction,FoxS,2900000,2010-10-15,12500000.0,6797696.0,11826980.0
Get Low,SPC,518000,2010-07-30,7000000.0,9176933.0,10828305.0
Stone,Over.,7700000,2010-10-08,22000000.0,1810078.0,4065020.0
Never Let Me Go,FoxS,7000000,2010-09-15,15000000.0,2434652.0,11173718.0
MacGruber,Uni.,797000,2010-05-21,10000000.0,8525600.0,8629895.0
City Island,Anch.,1200000,2010-03-19,6000000.0,6671283.0,8173486.0
Inside Job,SPC,3600000,2010-10-08,2000000.0,4311834.0,7799257.0
The Joneses,RAtt.,5500000,2010-04-16,10000000.0,1475746.0,3541565.0
Centurion,Magn.,6700000,2010-08-27,15000000.0,123570.0,7885048.0
Animal Kingdom,SPC,5700000,2010-08-13,4200000.0,1044039.0,8078683.0
Nowhere Boy,Wein.,5100000,2010-10-08,1900000.0,1445366.0,7785229.0
It's Kind of a Funny Story,Focus,128000,2010-10-08,8000000.0,6363628.0,6632950.0
Solitary Man,Anch.,818000,2010-05-21,12500000.0,4360548.0,4360548.0
Rabbit Hole,LGF,2900000,2010-12-17,5000000.0,2229058.0,6205034.0
Mother and Child,SPC,3900000,2010-05-07,7000000.0,1110509.0,6537179.0
The Runaways,App.,1100000,2010-03-19,9500000.0,3573673.0,5278632.0
Four Lions,Drft.,4400000,2010-11-05,3750000.0,310007.0,2436111.0
Please Give,SPC,280000,2010-04-30,3000000.0,4033574.0,4570178.0
Monsters,Magn.,4000000,2010-10-29,500000.0,237301.0,5639730.0
The Killer Inside Me,IFC,3800000,2010-06-18,13000000.0,217277.0,3617277.0
The Perfect Game,IW,2800000,2010-04-16,12500000.0,1089445.0,3931367.0
To Save a Life,Gold.,45800,2010-01-22,500000.0,3777210.0,3824868.0
Wild Target,Free,3300000,2010-10-29,8000000.0,109338.0,5314194.0
Kites,Relbig.,1300000,2010-05-21,9200000.0,1685269.0,17155193.0
Letters to God,Viv.,60300,2010-04-09,3000000.0,2848587.0,3237452.0
Fish Tank,IFC,2000000,2010-01-15,3000000.0,374675.0,5922292.0
Housefull,Eros,1200000,2010-04-30,10100000.0,1183658.0,18726300.0
After.Life,Anch.,1900000,2010-04-09,4500000.0,108596.0,2481925.0
Ondine,Magn.,1100000,2010-06-04,12000000.0,550472.0,557545.0
The City of Your Final Destination,Scre.,859000,2010-04-16,8300000.0,493296.0,1353296.0
It's a Wonderful Afterlife,UTV,1300000,2010-10-08,10000000.0,0.0,1642939.0
Ajami,Kino,669000,2010-02-03,1000000.0,621859.0,2721096.0
Casino Jack,ATO,40700,2010-12-17,12500000.0,2039869.0,2272186.0
Leaves of Grass,First,949000,2010-04-02,9000000.0,70066.0,85527.0
Carlos,IFC,726000,2010-10-15,18000000.0,145526.0,1619153.0
The Disappearance of Alice Creed,Anch.,701000,2010-08-06,1500000.0,166980.0,1605139.0
Life During Wartime,IFC,487000,2010-07-23,4500000.0,281447.0,281447.0
Enter the Void,IFC,418000,2010-09-24,16000000.0,337997.0,1467278.0
The Secret of Kells,GK,62700,2010-03-05,8000000.0,690290.0,3582797.0
All Good Things,Magn.,62500,2010-12-03,20000000.0,582024.0,873617.0
Chain Letter,NFC,447000,2010-10-01,3000000.0,205842.0,1022453.0
I Spit on Your Grave,Anch.,480000,2010-10-08,1750000.0,93051.0,1278471.0
The Extra Man,Magn.,4500,2010-07-30,7000000.0,453377.0,492108.0
The Tempest,Mira.,68700,2010-12-10,20000000.0,277943.0,277943.0
The Good Heart,Magn.,323000,2010-04-30,3800000.0,20930.0,340930.0
Welcome to the Rileys,Gold.,158000,2010-10-29,10000000.0,152857.0,355919.0
The Girl on the Train,Strand,97100,2016-10-07,45000000.0,75395035.0,174278214.0
"Lovely, Still",Mont.,106000,2010-09-10,5000000.0,127564.0,282687.0
The Eclipse,Magn.,26400,2010-03-26,3000000.0,133411.0,133411.0
George A. Romero's Survival of the Dead,Magn.,41500,2010-05-28,4200000.0,101740.0,101740.0
Freakonomics,Magn.,16400,2010-10-01,2900000.0,101270.0,172867.0
Saint John of Las Vegas,IVP,9100,2010-01-29,2000000.0,102645.0,102645.0
Transformers: Dark of the Moon,P/DW,771400000,2011-06-29,195000000.0,352390543.0,1123790543.0
Pirates of the Caribbean: On Stranger Tides,BV,804600000,2011-05-20,410600000.0,241063875.0,1045663875.0
Kung Fu Panda 2,P/DW,500400000,2011-05-26,150000000.0,165249063.0,664837547.0
Fast Five,Uni.,416300000,2011-04-29,125000000.0,210031325.0,630163454.0
The Hangover Part II,WB,332300000,2011-05-26,80000000.0,254464305.0,586464305.0
The Smurfs,Sony,421100000,2011-07-29,110000000.0,142614158.0,563749323.0
Cars 2,BV,370700000,2011-06-24,200000000.0,191450875.0,560155383.0
Puss in Boots,P/DW,405700000,2011-10-28,130000000.0,149260504.0,554987477.0
Sherlock Holmes: A Game of Shadows,WB,358600000,2011-12-16,125000000.0,186848418.0,535663443.0
Rio,Fox,341000000,2011-04-15,90000000.0,143619809.0,487519809.0
Rise of the Planet of the Apes,Fox,305000000,2011-08-05,93000000.0,176760185.0,470986200.0
Thor,Par.,268300000,2011-05-06,150000000.0,181030624.0,449326618.0
The Adventures of Tintin,Par.,296400000,2011-12-21,130000000.0,77591831.0,373993951.0
Captain America: The First Avenger,Par.,193900000,2011-07-22,140000000.0,176654505.0,370569776.0
X-Men: First Class,Fox,207200000,2011-06-03,160000000.0,146408305.0,355408305.0
Alvin and the Chipmunks: Chipwrecked,Fox,209600000,2011-12-16,80000000.0,133107389.0,349088523.0
Real Steel,BV,213800000,2011-10-07,110000000.0,85463309.0,263880341.0
Bridesmaids,Uni.,119300000,2011-05-13,32500000.0,169211718.0,289632023.0
Super 8,Par.,133100000,2011-06-10,50000000.0,127004179.0,257972745.0
Rango,Par.,122200000,2011-03-04,135000000.0,123477607.0,245724600.0
The Green Hornet,Sony,129000000,2011-01-14,110000000.0,98780042.0,229155503.0
Immortals,Rela.,143400000,2011-11-11,75000000.0,83504017.0,211562435.0
Green Lantern,WB,103300000,2011-06-17,200000000.0,116601172.0,219535492.0
The Help,BV,46900000,2011-08-10,25000000.0,169705587.0,213120004.0
Bad Teacher,Sony,115900000,2011-06-24,19000000.0,100292856.0,215448997.0
Just Go With It,Sony,111900000,2011-02-11,80000000.0,103028109.0,214974953.0
Battle: Los Angeles,Sony,128300000,2011-03-11,70000000.0,83552429.0,213463976.0
Horrible Bosses,WB (NL),92100000,2011-07-08,35000000.0,117538559.0,212417601.0
Paranormal Activity 3,Par.,103000000,2011-10-21,5000000.0,104028807.0,207039844.0
Gnomeo and Juliet,BV,94000000,2011-02-11,36000000.0,99967670.0,193737977.0
Hugo,Par.,111900000,2011-11-23,180000000.0,73864507.0,180047784.0
Hop,Uni.,75900000,2011-04-01,63000000.0,108085305.0,188657593.0
War Horse,BV,97700000,2011-12-25,70000000.0,79883359.0,156815529.0
The Descendants,FoxS,94700000,2011-11-16,20000000.0,82624961.0,175507800.0
In Time,Fox,136400000,2011-10-28,35000000.0,37553932.0,165103952.0
Zookeeper,Sony,89500000,2011-07-08,80000000.0,80360866.0,170805525.0
The Muppets,BV,76600000,2011-11-23,45000000.0,88625922.0,160971922.0
Limitless,Rela.,82600000,2011-03-18,27000000.0,79249455.0,155564919.0
Johnny English Reborn,Uni.,151800000,2011-10-21,45000000.0,8406711.0,164640401.0
Final Destination 5,WB (NL),115300000,2011-08-12,40000000.0,42587643.0,155011165.0
Tower Heist,Uni.,74900000,2011-11-04,85000000.0,78046570.0,150422946.0
Midnight in Paris,SPC,94300000,2011-05-20,30000000.0,56816662.0,162502774.0
Happy Feet Two,WB,86400000,2011-11-18,135000000.0,64006466.0,157956466.0
Jack and Jill,Sony,75500000,2011-11-11,79000000.0,74158157.0,150519217.0
Friends with Benefits,SGem,93700000,2011-07-22,35000000.0,55802754.0,146595891.0
No Strings Attached,Par.,78600000,2011-01-21,25000000.0,70662220.0,149228078.0
Arthur Christmas,Sony,101000000,2011-11-23,85000000.0,46462469.0,149717124.0
Source Code,Sum.,92600000,2011-04-01,32000000.0,54712227.0,140428499.0
Contagion,WB,59800000,2011-09-09,60000000.0,75658097.0,137551594.0
The Artist,Wein.,88800000,2011-11-25,16000000.0,44667095.0,128256712.0
Unknown,WB,67099999,2011-02-18,40000000.0,63686397.0,136123083.0
Unknown,WB,67099999,2006-11-03,3700000.0,26403.0,3355048.0
The Adjustment Bureau,Uni.,65400000,2011-03-04,50200000.0,62495645.0,126931325.0
We Bought a Zoo,Fox,44500000,2011-12-23,50000000.0,75624550.0,118729073.0
Water for Elephants,Fox,58400000,2011-04-22,38000000.0,58709717.0,116809717.0
The Iron Lady,Wein.,84900000,2012-01-13,14000000.0,29959436.0,115592104.0
Moneyball,Sony,34600000,2011-09-23,50000000.0,75605492.0,111300835.0
Sanctum,Uni.,85400000,2011-02-04,30000000.0,23209310.0,108957098.0
Justin Bieber: Never Say Never,Par.,26000000,2011-02-11,13000000.0,73013910.0,99034125.0
Paul,Uni.,60600000,2011-03-18,40000000.0,37412945.0,101162106.0
Scream 4,W/Dim.,59000000,2011-04-15,40000000.0,38180928.0,95989590.0
Insidious,FD,43000000,2011-04-01,1500000.0,54009150.0,99870886.0
The Rite,WB (NL),63000000,2011-01-28,37000000.0,33047633.0,97143987.0
Dolphin Tale,WB,23100000,2011-09-23,37000000.0,72286779.0,96068724.0
Season of the Witch,Rela.,66800000,2011-01-07,40000000.0,24827228.0,91126600.0
Sucker Punch,WB,53400000,2011-03-25,75000000.0,36392502.0,89758389.0
Red Riding Hood,WB,51500000,2011-03-11,42000000.0,37662162.0,91678442.0
Spy Kids: All the Time in the World,W/Dim.,47000000,2011-08-19,27000000.0,38536376.0,80681183.0
J. Edgar,WB,47600000,2011-11-09,35000000.0,37306030.0,84606030.0
Hall Pass,WB (NL),38100000,2011-02-25,68000000.0,45060734.0,87173475.0
"Big Mommas: Like Father, Like Son",Fox,44800000,2011-02-18,32000000.0,37915414.0,82332450.0
Abduction,LGF,54000000,2011-09-23,35000000.0,28087155.0,86648359.0
Priest,SGem,49200000,2011-05-13,60000000.0,29136626.0,84154026.0
The Mechanic,CBS,47000000,2011-01-28,42500000.0,29121498.0,76347393.0
The Ides of March,Sony,35000000,2011-10-07,23000000.0,40962534.0,77735925.0
The Change-Up,Uni.,38400000,2011-08-05,52000000.0,37243418.0,75997067.0
The Lincoln Lawyer,LGF,17000000,2011-03-18,40000000.0,58009200.0,87145086.0
Diary of a Wimpy Kid: Rodrick Rules,Fox,19700000,2011-03-25,18000000.0,52698535.0,73695194.0
Larry Crowne,Uni.,36400000,2011-07-01,30000000.0,35608245.0,61449135.0
The Dilemma,Uni.,21200000,2011-01-14,70000000.0,48475290.0,70546865.0
The Darkest Hour,Sum.,43200000,2011-12-25,34800000.0,21443494.0,62831715.0
Hanna,Focus,23500000,2011-04-08,30000000.0,40259119.0,65343694.0
Colombiana,TriS,24300000,2011-08-26,40000000.0,36665854.0,72295262.0
Something Borrowed,WB,21100000,2011-05-06,35000000.0,39046489.0,65084116.0
One Day,Focus,45500000,2011-08-19,15000000.0,13843771.0,59168692.0
Killer Elite,ORF,31300000,2011-09-23,70000000.0,25124986.0,65409046.0
The Tree of Life,FoxS,41000000,2011-05-27,35000000.0,13305665.0,61721826.0
Winnie the Pooh,BV,23200000,2011-07-15,30000000.0,26692846.0,50145607.0
Soul Surfer,TriS,3200000,2011-04-08,18000000.0,43853424.0,47158652.0
The Debt,Focus,14500000,2011-08-31,20000000.0,31177548.0,46604054.0
Beastly,CBS,15300000,2011-03-04,17000000.0,27865571.0,38028230.0
30 Minutes or Less,Sony,3500000,2011-08-12,28000000.0,37053924.0,40966716.0
The Roommate,SGem,3200000,2011-02-04,16000000.0,37300107.0,52545707.0
Shark Night 3D,Rela.,21300000,2011-09-02,25000000.0,18877153.0,18877153.0
Monte Carlo,Fox,16500000,2011-07-01,20000000.0,23186769.0,39686769.0
50/50,Sum.,4200000,2011-09-30,8000000.0,35016118.0,41334735.0
Mars Needs Moms,BV,17600000,2011-03-11,150000000.0,21392758.0,39549758.0
Dream House,Uni.,17200000,2011-09-30,50000000.0,21302340.0,41642166.0
Jumping the Broom,TriS,415000,2011-05-06,7000000.0,37295394.0,38158601.0
Don't Be Afraid of the Dark,FD,12900000,2011-08-26,25000000.0,24046682.0,39126427.0
A Very Harold & Kumar 3D Christmas,WB,326000,2011-11-04,20000000.0,35061031.0,36265745.0
My Week with Marilyn,Wein.,20500000,2011-11-23,10000000.0,14597405.0,34240572.0
The Sitter,Fox,4500000,2011-12-09,25000000.0,30542576.0,38749404.0
I Don't Know How She Does It,Wein.,20900000,2011-09-16,24000000.0,9659074.0,24474463.0
What's Your Number?,Fox,16399999,2011-09-30,20000000.0,14011084.0,30163785.0
Drive Angry,Sum.,18200000,2011-02-25,50000000.0,10721033.0,41042583.0
A Dangerous Method,SPC,21800000,2011-11-23,20000000.0,5702083.0,14807531.0
The Eagle,Focus,7600000,2011-02-11,25000000.0,19490041.0,38993548.0
Apollo 18,W/Dim.,7900000,2011-09-02,5000000.0,17686929.0,26517819.0
Biutiful,RAtt.,20000000,2011-01-28,35000000.0,5101237.0,24687524.0
Your Highness,Uni.,3300000,2011-04-08,50000000.0,21596445.0,26121638.0
The Rum Diary,FD,10800000,2011-10-28,45000000.0,13109815.0,21544732.0
Warrior,LGF,9400000,2011-09-09,25000000.0,13657115.0,24215385.0
Young Adult,Par.,6600000,2011-12-09,12000000.0,16311571.0,22750356.0
The Guard,SPC,14200000,2011-07-29,6000000.0,5359774.0,21197454.0
Margin Call,RAtt.,14200000,2011-10-21,3400000.0,5353586.0,20433227.0
Shame,FoxS,13800000,2011-12-02,6500000.0,4002293.0,20412841.0
The Last Godfather,RAtt.,16600000,2011-04-01,13400000.0,164247.0,164247.0
Melancholia,Magn.,12900000,2011-11-11,9400000.0,3030848.0,21817298.0
The Conspirator,RAtt.,3900000,2011-04-15,25000000.0,11538204.0,15907411.0
Anonymous,Sony,10900000,2011-10-28,27500000.0,4463292.0,15815509.0
Beginners,Focus,8500000,2011-06-03,3200000.0,5790894.0,14314407.0
Snow Flower and the Secret Fan,FoxS,10000000,2011-07-15,6000000.0,1348205.0,11348205.0
Le Havre,Jan.,9900000,2011-10-21,5500000.0,611709.0,13480196.0
Point Blank,Magn.,8500000,1967-09-18,3000000.0,0.0,0.0
Winter in Wartime,SPC,8700000,2011-03-18,5800000.0,542860.0,9662214.0
The Big Year,Fox,244000,2011-10-14,41000000.0,7204138.0,7684524.0
The Beaver,Sum.,6300000,2011-05-06,21000000.0,970816.0,5046038.0
We Need to Talk About Kevin,Osci.,4300000,2012-01-13,7000000.0,1738692.0,10765283.0
Attack the Block,SGem,4800000,2011-07-29,13000000.0,1024175.0,6459183.0
Dylan Dog: Dead of Night,OMNI/FSR,3400000,2011-04-29,20000000.0,1186538.0,6093725.0
Like Crazy,ParV,336000,2011-10-28,250000.0,3395391.0,3728400.0
Martha Marcy May Marlene,FoxS,548000,2011-10-21,1000000.0,2981038.0,5438911.0
Machine Gun Preacher,Rela.,2800000,2011-09-23,30000000.0,538690.0,3721988.0
Take Shelter,SPC,1400000,2011-09-30,4750000.0,1728953.0,4972016.0
Brighton Rock,IFC,1600000,2011-08-26,11000000.0,229653.0,229653.0
Another Earth,FoxS,456000,2011-07-22,175000.0,1321194.0,2102779.0
Submarine,Wein.,397000,2011-06-03,1900000.0,467602.0,4581937.0
Blackthorn,Magn.,423000,2011-10-07,4500000.0,200558.0,1217307.0
The Other Woman,IFC,427000,2014-04-25,40000000.0,83911193.0,195111193.0
Another Happy Day,P4,347000,2011-11-18,4000000.0,9120.0,978527.0
Skyfall,Sony,804200000,2012-11-08,200000000.0,304360277.0,1110526981.0
The Dark Knight Rises,WB,636800000,2012-07-20,275000000.0,448139099.0,1084439099.0
The Hobbit: An Unexpected Journey,WB (NL),718100000,2012-12-14,250000000.0,303003568.0,1017003568.0
Ice Age: Continental Drift,Fox,715900000,2012-07-13,95000000.0,161321843.0,879765137.0
The Amazing Spider-Man,Sony,495900000,2012-07-03,220000000.0,262030663.0,757890267.0
Madagascar 3: Europe's Most Wanted,P/DW,530500000,2012-06-08,145000000.0,216391482.0,746921271.0
The Hunger Games,LGF,286400000,2012-03-23,80000000.0,408010692.0,677923379.0
Life of Pi,Fox,484000000,2012-11-21,120000000.0,124987022.0,620912003.0
Ted,Uni.,330600000,2012-06-29,50000000.0,218665740.0,556016627.0
Brave,BV,303200000,2012-06-22,185000000.0,237282182.0,554606532.0
Wreck-It Ralph,BV,281800000,2012-11-02,165000000.0,189412677.0,496511521.0
Django Unchained,Wein.,262600000,2012-12-25,100000000.0,162805434.0,449948323.0
Prometheus,Fox,276900000,2012-06-08,125000000.0,126477084.0,402448265.0
Snow White and the Huntsman,Uni.,241300000,2012-06-01,170000000.0,155136755.0,401021746.0
Taken 2,Fox,236300000,2012-10-05,45000000.0,139854287.0,377807404.0
Hotel Transylvania,Sony,210100000,2012-09-28,85000000.0,148313048.0,378505812.0
Journey 2: The Mysterious Island,WB (NL),231400000,2012-02-10,79000000.0,103860290.0,318146162.0
The Expendables 2,LGF,229900000,2012-08-17,100000000.0,85028192.0,311979256.0
Rise of the Guardians,P/DW,203500000,2012-11-21,145000000.0,103412758.0,306900902.0
Wrath of the Titans,WB,221600000,2012-03-30,150000000.0,83670083.0,305270083.0
Battleship,Uni.,237600000,2012-05-18,220000000.0,65233400.0,313477717.0
John Carter,BV,211100000,2012-03-09,275000000.0,73058679.0,282778100.0
The Bourne Legacy,Uni.,162900000,2012-08-10,125000000.0,113203870.0,280355920.0
Lincoln,BV,93100000,2012-11-09,65000000.0,182207973.0,273346281.0
Dark Shadows,WB,165800000,2012-05-11,150000000.0,79727149.0,238202668.0
Resident Evil: Retribution,SGem,197700000,2012-09-14,65000000.0,42345531.0,240647629.0
Silver Linings Playbook,Wein.,104300000,2012-11-16,21000000.0,132092958.0,236412453.0
American Reunion,Uni.,178000000,2012-04-06,50000000.0,56758835.0,236799211.0
Argo,WB,96300000,2012-10-12,44500000.0,136025503.0,227140757.0
Jack Reacher,Par.,138300000,2012-12-21,60000000.0,80070736.0,217370736.0
Safe House,Uni.,81700000,2012-02-10,85000000.0,126181630.0,208542162.0
21 Jump Street,Sony,63100000,2012-03-16,42000000.0,138447667.0,202812429.0
The Vow,SGem,71100000,2012-02-10,30000000.0,125014030.0,197618160.0
Mirror Mirror,Rela.,118100000,2012-03-30,85000000.0,64935167.0,173613482.0
The Impossible,LG/S,161300000,2012-12-21,40000000.0,19019882.0,169590606.0
The Dictator,Par.,119700000,2012-05-16,65000000.0,59650222.0,180148897.0
Looper,TriS,110000000,2012-09-28,30000000.0,66486205.0,170466405.0
Magic Mike,WB,53500000,2012-06-29,7000000.0,113721571.0,170549753.0
Flight,Par.,68000000,2012-11-02,31000000.0,93772375.0,160558438.0
This Means War,Fox,101700000,2012-02-17,65000000.0,54760791.0,156974557.0
Paranormal Activity 4,Par.,88900000,2012-10-19,5000000.0,53900335.0,142817992.0
Step Up Revolution,LG/S,105400000,2012-07-27,33000000.0,35074677.0,165552290.0
The Best Exotic Marigold Hotel,FoxS,90400000,2012-05-04,10000000.0,46383639.0,134639780.0
Zero Dark Thirty,Sony,37100000,2012-12-19,52500000.0,95720716.0,134612435.0
Ghost Rider: Spirit of Vengeance,Sony,80800000,2012-02-17,57000000.0,51774002.0,149217355.0
Cloud Atlas,WB,103400000,2012-10-26,102000000.0,27108272.0,130673154.0
The Woman in Black,CBS,73400000,2012-02-03,15000000.0,54333290.0,128955898.0
The Pirates! Band of Misfits,Sony,92000000,2012-04-27,55000000.0,31051126.0,136143605.0
Parental Guidance,Fox,42500000,2012-12-25,25000000.0,77267296.0,120832383.0
Abraham Lincoln: Vampire Hunter,Fox,79000000,2012-06-22,67500000.0,37519139.0,137489730.0
Pitch Perfect,Uni.,50300000,2012-09-28,17000000.0,65001093.0,116044347.0
Hope Springs,Sony,50700000,2012-08-08,30000000.0,63536011.0,133085295.0
ParaNorman,Focus,51100000,2012-08-17,60000000.0,56003051.0,108119662.0
The Campaign,WB,18000000,2012-08-10,95000000.0,86907746.0,104907746.0
Project X,WB,48000000,2012-03-02,12000000.0,54731865.0,103028188.0
The Devil Inside,Par.,48500000,2012-01-06,1000000.0,53262945.0,101759490.0
The Lucky One,WB,38900000,2012-04-20,25000000.0,60457138.0,96633833.0
Contraband,Uni.,29700000,2012-01-13,25000000.0,66528000.0,98406855.0
Think Like a Man,SGem,4500000,2012-04-20,12000000.0,91547205.0,113373764.0
The Possession,LGF,36300000,2012-08-31,14000000.0,49130588.0,82925064.0
What to Expect When You're Expecting,LGF,43200000,2012-05-18,37500000.0,41152203.0,88473016.0
Frankenweenie,BV,46200000,2012-10-05,39000000.0,35287788.0,81150788.0
Act of Valor,Rela.,11300000,2012-02-24,12000000.0,70012847.0,82497035.0
Sinister,LG/S,29600000,2012-10-12,3000000.0,48086903.0,87727807.0
The Grey,ORF,25700000,2012-01-27,25000000.0,51580136.0,81249176.0
Diary of a Wimpy Kid: Dog Days,Fox,28100000,2012-08-03,22000000.0,49008662.0,77229695.0
To Rome with Love,SPC,56600000,2012-06-22,21500000.0,16684352.0,74326015.0
Here Comes the Boom,Sony,27800000,2012-10-12,42000000.0,45290318.0,73239258.0
Anna Karenina,Focus,56100000,2012-11-16,49000000.0,12816367.0,71004627.0
The Watch,Fox,32900000,2012-07-27,55000000.0,34353000.0,67130045.0
Moonrise Kingdom,Focus,22800000,2012-05-25,16000000.0,45512466.0,68848446.0
Tyler Perry's Madea's Witness Protection,LGF,1200000,2012-06-29,20000000.0,65653242.0,66950887.0
The Cabin in the Woods,LGF,24400000,2012-04-13,30000000.0,42073277.0,70689968.0
Rock of Ages,WB (NL),20900000,2012-06-15,70000000.0,38518613.0,61031932.0
That's My Boy,Sony,20800000,2012-06-15,57500000.0,36931089.0,58085235.0
The Odd Life of Timothy Green,BV,4200000,2012-08-15,40000000.0,51853450.0,55249159.0
The Three Stooges,Fox,10500000,2012-04-13,30000000.0,44338224.0,54052249.0
The Five-Year Engagement,Uni.,25100000,2012-04-27,30000000.0,28700285.0,61623819.0
Lawless,Wein.,16300000,2012-08-29,26000000.0,37397291.0,54393687.0
Silent Hill: Revelation 3D,ORF,34800000,2012-10-26,20000000.0,17530219.0,55975672.0
Red Tails,Fox,489000,2012-01-20,58000000.0,49876377.0,50365498.0
Trouble with the Curve,WB,13200000,2012-09-21,60000000.0,35763137.0,47818913.0
End of Watch,ORF,7100000,2012-09-21,15000000.0,41003371.0,57586606.0
Man on a Ledge,LG/S,27600000,2012-01-27,42000000.0,18620000.0,49621440.0
The Guilt Trip,Par.,4700000,2012-12-19,40000000.0,37134215.0,41294674.0
Killing Them Softly,Wein.,22900000,2012-11-30,15000000.0,14945541.0,39238443.0
Chernobyl Diaries,WB,19000000,2012-05-25,1000000.0,18119640.0,42411721.0
Dredd,LGF,22200000,2012-09-21,45000000.0,13414714.0,41467606.0
Tyler Perry's Good Deeds,LGF,553000,2012-02-24,14000000.0,35025791.0,35579177.0
Arbitrage,RAtt.,27600000,2012-09-14,12000000.0,7919574.0,35830713.0
Alex Cross,LG/S,8700000,2012-10-19,35000000.0,25888412.0,35426759.0
The Perks of Being a Wallflower,LG/S,15600000,2012-09-21,13000000.0,17742948.0,33069303.0
Haywire,Rela.,14400000,2012-01-20,23000000.0,18942396.0,36374700.0
Katy Perry: Part of Me,Par.,7400000,2012-07-05,12000000.0,25326071.0,32700439.0
Lockout,FD,17900000,2012-04-13,20000000.0,14326865.0,33943049.0
Joyful Noise,WB,226000,2012-01-13,27500000.0,30932113.0,31157914.0
Premium Rush,Sony,10800000,2012-08-24,35000000.0,20275446.0,31393201.0
The Raven,Rela.,13600000,2012-04-27,26000000.0,16008272.0,30601801.0
The Master,Wein.,11900000,2012-09-14,37500000.0,16247159.0,50647416.0
Big Miracle,Uni.,4600000,2012-02-03,40000000.0,20157300.0,25268680.0
A Thousand Words,P/DW,3600000,2012-03-09,40000000.0,18450127.0,20790486.0
Wanderlust,Uni.,4200000,2012-02-24,32500000.0,17288155.0,24159934.0
Beasts of the Southern Wild,FoxS,8300000,2012-06-27,1800000.0,12795746.0,23265132.0
Polisse,IFC,20200000,2012-05-18,8900000.0,176988.0,22744132.0
Amour,SPC,13100000,2012-12-19,9700000.0,6738954.0,36787044.0
The Man with the Iron Fists,Uni.,4099999,2012-11-02,15000000.0,15634090.0,22018988.0
Seven Psychopaths,CBS,4400000,2012-10-12,13500000.0,15024049.0,33035736.0
The Cold Light of Day,LG/S,13100000,2012-09-07,20000000.0,3763583.0,25361206.0
The Words,CBS,1700000,2012-09-07,6000000.0,11494838.0,16369708.0
Silent House,ORF,347000,2012-03-09,2000000.0,12739737.0,16610760.0
Bachelorette,RTWC,11500000,2012-09-07,3000000.0,446770.0,12577401.0
Fun Size,Par.,2000000,2012-10-26,14000000.0,9409538.0,11166615.0
Seeking a Friend for the End of the World,Focus,2600000,2012-06-22,10000000.0,7078738.0,11766959.0
The Apparition,WB,4700000,2012-08-24,17000000.0,4936819.0,10637281.0
The Sessions,FoxS,3100000,2012-10-19,1000000.0,6002451.0,11495204.0
On the Road,IFC,8000000,2013-03-22,25000000.0,720828.0,9313302.0
Chasing Mavericks,Fox,600,2012-10-26,20000000.0,6002756.0,8300821.0
Albert Nobbs,RAtt.,2600000,2011-12-21,7500000.0,3014696.0,8539003.0
"Jeff, Who Lives at Home",ParV,148000,2012-03-16,10000000.0,4269426.0,4708127.0
Killer Joe,LD,1700000,2012-07-27,10000000.0,1291645.0,4659110.0
The Paperboy,MNE,661000,2012-10-05,12500000.0,677200.0,4027663.0
A Little Bit of Heaven,MNE,1300000,2012-05-04,12500000.0,10011.0,1100287.0
Coriolanus,Wein.,315000,2012-01-20,10000000.0,749641.0,2179623.0
Kill List,IFC,143000,2012-02-03,800000.0,29063.0,462206.0
Frozen,BV,875700000,2013-11-22,150000000.0,400738009.0,1272469910.0
Iron Man 3,BV,805800000,2013-05-03,200000000.0,408992272.0,1215392272.0
Despicable Me 2,Uni.,602700000,2013-07-03,76000000.0,368065385.0,975216835.0
The Hobbit: The Desolation of Smaug,WB (NL),700000000,2013-12-13,250000000.0,258366855.0,960366855.0
The Hunger Games: Catching Fire,LGF,440300000,2013-11-22,130000000.0,424668047.0,864868047.0
Monsters University,BV,475700000,2013-06-21,200000000.0,268488329.0,743588329.0
Gravity,WB,449100000,2013-10-04,110000000.0,274092705.0,693698673.0
Man of Steel,WB,377000000,2013-06-14,225000000.0,291045518.0,667999518.0
Thor: The Dark World,BV,438200000,2013-11-08,150000000.0,206362140.0,644602516.0
The Croods,Fox,400000000,2013-03-22,135000000.0,187168425.0,573068425.0
World War Z,Par.,337600000,2013-06-21,190000000.0,202359711.0,531514650.0
Star Trek Into Darkness,Par.,238600000,2013-05-16,190000000.0,228778661.0,467381584.0
The Wolverine,Fox,282300000,2013-07-26,115000000.0,132556852.0,416456852.0
Pacific Rim,WB,309200000,2013-07-12,190000000.0,101802906.0,411002906.0
The Wolf of Wall Street,Par.,275100000,2013-12-25,100000000.0,116900694.0,389870414.0
G.I. Joe: Retaliation,Par.,253200000,2013-03-27,140000000.0,122523060.0,375740705.0
Now You See Me,LG/S,234000000,2013-05-31,75000000.0,117723989.0,342769200.0
The Smurfs 2,Sony,276500000,2013-07-31,110000000.0,71017784.0,348547523.0
The Conjuring,WB (NL),182100000,2013-07-19,20000000.0,137400141.0,318000141.0
A Good Day to Die Hard,Fox,237300000,2013-02-14,92000000.0,67349198.0,304249198.0
Oblivion,Uni.,197100000,2013-04-19,120000000.0,89107235.0,287916633.0
Elysium,TriS,193100000,2013-08-09,120000000.0,93050117.0,286192091.0
Turbo,Fox,199500000,2013-07-17,135000000.0,83028130.0,286896578.0
Cloudy with a Chance of Meatballs 2,Sony,154500000,2013-09-27,78000000.0,119793567.0,274392649.0
We're the Millers,WB (NL),119600000,2013-08-07,37000000.0,150394119.0,267816276.0
Epic,Fox,160900000,2013-05-24,100000000.0,107518682.0,262794441.0
The Lone Ranger,BV,171200000,2013-07-02,275000000.0,89302115.0,260002115.0
American Hustle,Sony,101100000,2013-12-13,40000000.0,150117807.0,257878294.0
Grown Ups 2,Sony,113300000,2013-07-12,80000000.0,133668525.0,247023808.0
After Earth,Sony,183300000,2013-05-31,130000000.0,60522097.0,251499665.0
The Heat,Fox,70300000,2013-06-28,43000000.0,159581587.0,229727774.0
Captain Phillips,Sony,111700000,2013-10-11,55000000.0,107136417.0,220648184.0
White House Down,Sony,132300000,2013-06-28,150000000.0,73103784.0,205440387.0
Percy Jackson: Sea of Monsters,Fox,131300000,2013-08-07,90000000.0,68559554.0,200859554.0
Jack the Giant Slayer,WB (NL),132500000,2013-03-01,195000000.0,65187603.0,197687603.0
The Secret Life of Walter Mitty,Fox,129900000,2013-12-25,91000000.0,58236838.0,187861183.0
12 Years a Slave,FoxS,131100000,2013-10-18,20000000.0,56671993.0,181025343.0
Lee Daniels' The Butler,Wein.,60000000,2013-08-16,30000000.0,116632095.0,177025498.0
Identity Thief,Uni.,39500000,2013-02-08,35000000.0,134506920.0,175361578.0
Anchorman 2: The Legend Continues,Par.,46300000,2013-12-18,50000000.0,127352707.0,172185754.0
Olympus Has Fallen,FD,71300000,2013-03-22,70000000.0,98927592.0,172878928.0
Insidious Chapter 2,FD,78300000,2013-09-13,5000000.0,83586447.0,161921515.0
Lone Survivor,Uni.,29700000,2013-12-25,40000000.0,125095601.0,149804632.0
Jackass Presents: Bad Grandpa,Par.,49800000,2013-10-25,15000000.0,102003019.0,160903019.0
47 Ronin,Uni.,113400000,2013-12-25,175000000.0,38362475.0,151716815.0
Mama,Uni.,74800000,2013-01-18,15000000.0,71628180.0,148095566.0
Escape Plan,LG/S,112200000,2013-10-18,70000000.0,25135965.0,103735965.0
Last Vegas,CBS,70500000,2013-01-28,28000000.0,63914167.0,112914167.0
2 Guns,Uni.,56300000,2013-08-02,61000000.0,75612460.0,132493015.0
Walking with Dinosaurs,Fox,90500000,2013-12-20,80000000.0,36076121.0,123368842.0
This is the End,Sony,24600000,2013-06-12,32000000.0,101470202.0,126539117.0
Ender's Game,LG/S,63800000,2013-11-01,110000000.0,61737191.0,127983283.0
Prisoners,WB,61100000,2013-09-20,46000000.0,61002302.0,113402302.0
Saving Mr. Banks,BV,34600000,2013-12-13,35000000.0,83299761.0,114962525.0
Warm Bodies,LG/S,50600000,2013-02-01,30000000.0,66380662.0,115121608.0
Free Birds,Rela.,54600000,2013-11-01,55000000.0,55750480.0,110387072.0
Gangster Squad,WB,59200000,2013-01-11,60000000.0,46000903.0,104100903.0
Philomena,Wein.,62400000,2013-11-22,12000000.0,37709979.0,98963392.0
Riddick,Uni.,56300000,2013-09-06,38000000.0,42025135.0,94763758.0
Safe Haven,Rela.,26200000,2013-02-14,28000000.0,71399120.0,94050951.0
Blue Jasmine,SPC,64099999,2013-07-26,18000000.0,33404871.0,102912961.0
The Mortal Instruments: City of Bones,SGem,64200000,2013-08-21,60000000.0,31165421.0,75965567.0
The Internship,Fox,48800000,2013-06-07,58000000.0,44672764.0,93672764.0
The Purge,Uni.,24900000,2013-06-07,3000000.0,64473115.0,91266581.0
Dhoom 3,Yash,80000000,2013-12-20,24000000.0,8031955.0,11723620.0
About Time,Uni.,71800000,2013-11-01,12000000.0,15323921.0,89309178.0
R.I.P.D.,Uni.,44700000,2013-07-19,130000000.0,33618855.0,79076678.0
The Book Thief,Fox,55100000,2013-11-08,19000000.0,21488481.0,76086711.0
Escape From Planet Earth,Wein.,17600000,2013-02-15,40000000.0,57012977.0,74156610.0
August: Osage County,Wein.,36500000,2013-12-25,25000000.0,37738810.0,50738810.0
The Best Man Holiday,Uni.,2300000,2013-11-15,17000000.0,70525195.0,72835710.0
The Counselor,Fox,54000000,2013-10-25,25000000.0,16973715.0,71009334.0
The Call,TriS,16700000,2013-03-15,12800000.0,51872378.0,69821476.0
One Direction: This is Us,TriS,39700000,2013-08-30,10000000.0,28873374.0,68541786.0
Runner Runner,Fox,43400000,2013-10-04,30000000.0,19316646.0,60512680.0
Kick-Ass 2,Uni.,32000000,2013-08-16,28000000.0,28795985.0,63129909.0
A Haunted House,ORF,20100000,2013-01-11,2500000.0,40041683.0,59922558.0
Quartet,Wein.,41100000,2013-01-11,11000000.0,18388357.0,56178935.0
Dallas Buyers Club,Focus,27900000,2013-11-01,5000000.0,27298285.0,60611845.0
Tyler Perry's A Madea Christmas,LGF,853000,2013-12-13,25000000.0,52543354.0,52543354.0
Delivery Man,BV,19300000,2013-11-22,22000000.0,30659817.0,70536870.0
The Last Stand,LGF,36300000,2013-01-18,30000000.0,12050299.0,48330757.0
21 and Over,Rela.,22400000,2013-03-01,13000000.0,25682380.0,42195766.0
Texas Chainsaw 3D,LGF,12900000,2013-01-04,20000000.0,34341945.0,47666013.0
The Big Wedding,LGF,24700000,2013-04-26,32500000.0,21819348.0,48425971.0
Parker,FD,28600000,2013-01-25,35000000.0,17616641.0,48543388.0
The World's End,Focus,20100000,2013-08-23,20000000.0,26004851.0,47508505.0
Grudge Match,WB,15100000,2013-12-25,40000000.0,29807260.0,69807260.0
Homefront,ORF,22900000,2013-11-27,22000000.0,20158492.0,51695362.0
Jobs,ORF,19800000,2013-08-16,18000000.0,16131410.0,43402515.0
The Place Beyond the Pines,Focus,14100000,2013-03-29,15000000.0,21403519.0,47011449.0
Inside Llewyn Davis,CBS,19700000,2013-12-06,11000000.0,13248209.0,32943247.0
Mud,RAtt.,11000000,2013-04-26,10000000.0,21590086.0,31556959.0
Movie 43,Rela.,23600000,2013-01-25,10000000.0,8840453.0,31164747.0
Kevin Hart: Let Me Explain,LG/S,74000,2013-07-03,2500000.0,32244051.0,32327255.0
Spring Breakers,A24,17600000,2013-03-15,5000000.0,14124286.0,31149251.0
Don Jon,Rela.,6000000,2013-09-27,5500000.0,24477704.0,41268579.0
Nebraska,Par.,10000000,2013-11-15,12000000.0,17654912.0,24761360.0
The Incredible Burt Wonderstone,WB (NL),4900000,2013-03-15,32000000.0,22537881.0,27392609.0
Mandela: Long Walk to Freedom,Wein.,19000000,2013-11-29,35000000.0,8323085.0,29890402.0
Khumba,MNE,27200000,2013-12-06,15000000.0,0.0,20898221.0
Dark Skies,W/Dim.,9000000,2013-02-22,3500000.0,17418667.0,27704111.0
Enough Said,FoxS,7700000,2013-09-18,8000000.0,17550872.0,25621449.0
Trance,FoxS,21900000,2013-04-05,16000000.0,2322593.0,22594052.0
Trance,FoxS,21900000,2012-12-31,950000.0,0.0,0.0
Baggage Claim,FoxS,887000,2013-09-27,8500000.0,21569509.0,22885836.0
The Sapphires,Wein.,18000000,2013-03-22,9000000.0,2450867.0,20395040.0
Dead Man Down,FD,7200000,2013-03-08,30000000.0,10895295.0,19599974.0
Fruitvale Station,Wein.,1300000,2013-07-12,900000.0,16098998.0,17549645.0
Battle of the Year,SGem,7700000,2013-09-20,20000000.0,8888355.0,16723377.0
Out of the Furnace,Rela.,4300000,2013-12-04,22000000.0,11330849.0,15434375.0
Machete Kills,ORF,7000000,2013-10-11,20000000.0,8008161.0,18273009.0
Paranoia,Rela.,6400000,2013-08-16,40000000.0,7388654.0,16340767.0
Stoker,FoxS,10400000,2013-03-01,12000000.0,1703125.0,12034913.0
Before Midnight,SPC,3100000,2013-05-24,3000000.0,8110621.0,23251930.0
Only God Forgives,RTWC,9900000,2013-07-19,4800000.0,775849.0,4494560.0
The Fifth Estate,BV,5300000,2013-10-18,26000000.0,3254172.0,6154172.0
Upside Down,MNE,8000000,2013-03-15,50000000.0,102118.0,26387039.0
Metallica Through the Never,PH,4600000,2013-09-27,18000000.0,3419967.0,9082906.0
Black Nativity,FoxS,436000,2013-11-27,17500000.0,7018188.0,7285135.0
The Sweeney,EOne,6300000,2013-03-01,4500000.0,26345.0,8000366.0
Mr. Nobody,Magn.,3500000,2013-11-01,46500000.0,3622.0,22254.0
The East,FoxS,99700,2013-05-31,6500000.0,2274649.0,3027956.0
All the Boys Love Mandy Lane,RTWC,1900000,2013-10-11,750000.0,0.0,1960521.0
Ain't Them Bodies Saints,IFC,635000,2013-08-16,5000000.0,391611.0,1075009.0
Transformers: Age of Extinction,Par.,858600000,2014-06-27,210000000.0,245439076.0,1104039076.0
The Hobbit: The Battle of the Five Armies,WB (NL),700900000,2014-12-17,250000000.0,255119788.0,945577621.0
Guardians of the Galaxy,BV,440200000,2014-08-01,170000000.0,333172112.0,770867516.0
Maleficent,BV,517100000,2014-05-30,180000000.0,241407328.0,758536735.0
The Hunger Games: Mockingjay - Part 1,LGF,418200000,2014-11-21,125000000.0,337135885.0,766575131.0
X-Men: Days of Future Past,Fox,513900000,2014-05-23,200000000.0,233921534.0,747862775.0
Captain America: The Winter Soldier,BV,454500000,2014-04-04,170000000.0,259746958.0,714401889.0
Dawn of the Planet of the Apes,Fox,502100000,2014-07-11,170000000.0,208545589.0,710644566.0
The Amazing Spider-Man 2,Sony,506100000,2014-05-02,200000000.0,202853933.0,708996336.0
Interstellar,Par.,489400000,2014-11-05,165000000.0,188017894.0,666379375.0
Big Hero 6,BV,435300000,2014-11-07,165000000.0,222527828.0,652127828.0
How to Train Your Dragon 2,Fox,444500000,2014-06-13,145000000.0,177002924.0,614586270.0
American Sniper,WB,197300000,2014-12-25,58000000.0,350126372.0,547326372.0
Rio 2,Fox,368600000,2014-04-11,130000000.0,131538435.0,492846291.0
Lucy,Uni.,336700000,2014-07-25,40000000.0,126573960.0,457507776.0
Penguins of Madagascar,Fox,289700000,2014-11-26,132000000.0,83350911.0,366942531.0
Edge of Tomorrow,WB,270300000,2014-06-06,178000000.0,100206256.0,370541256.0
Gone Girl,Fox,201600000,2014-10-03,61000000.0,167767189.0,368567189.0
Night at the Museum: Secret of the Tomb,Fox,249500000,2014-12-19,127000000.0,113746621.0,353756621.0
Noah,Par.,261399999,2014-03-28,130000000.0,101200044.0,352831065.0
The Maze Runner,Fox,245900000,2014-09-19,34000000.0,102427862.0,348319861.0
22 Jump Street,Sony,139600000,2014-06-13,50000000.0,191719337.0,331333876.0
Divergent,LG/S,137900000,2014-03-21,85000000.0,150947895.0,276014965.0
Mr. Peabody & Sherman,Fox,164200000,2014-03-07,145000000.0,111506430.0,269806430.0
Neighbors,Uni.,120500000,2014-05-09,18000000.0,150086800.0,270944428.0
Exodus: Gods and Kings,Fox,203200000,2014-12-12,140000000.0,65014513.0,268314513.0
Annabelle,WB (NL),172800000,2014-10-03,6500000.0,84273813.0,256862920.0
The Imitation Game,Wein.,142400000,2014-11-28,15000000.0,91125143.0,227740463.0
Non-Stop,Uni.,130600000,2014-02-28,50000000.0,91742160.0,222383055.0
Dracula Untold,Uni.,160800000,2014-10-10,70000000.0,55991880.0,220241723.0
The Expendables 3,LGF,175300000,2014-08-15,100000000.0,39322544.0,209461378.0
Into the Woods,BV,85100000,2014-12-25,56200000.0,128002372.0,213116401.0
Need for Speed,BV,159700000,2014-03-14,66000000.0,43568507.0,194169619.0
The Equalizer,Sony,90800000,2014-09-26,55000000.0,101530738.0,192903624.0
The Grand Budapest Hotel,FoxS,115500000,2014-03-07,31000000.0,59076019.0,163981261.0
Dumb and Dumber To,Uni.,83600000,2014-11-14,40000000.0,86208010.0,156553592.0
Unbroken,Uni.,47800000,2014-12-25,65000000.0,115637895.0,163527824.0
The Monuments Men,Sony,77000000,2014-02-07,70000000.0,78031620.0,158702748.0
Ride Along,Uni.,19500000,2014-01-17,25000000.0,134202565.0,153733800.0
Jack Ryan: Shadow Recruit,Par.,84900000,2014-01-17,60000000.0,50577412.0,131377412.0
Blended,WB,81700000,2014-05-23,45000000.0,46290741.0,127990741.0
Sex Tape,Sony,87500000,2014-07-18,40000000.0,38543473.0,126069509.0
The Theory of Everything,Focus,87800000,2014-11-07,15000000.0,35893537.0,123327692.0
The Nut Job,ORF,56600000,2014-01-17,30000000.0,64251538.0,122529966.0
Pompeii,TriS,94600000,2014-02-21,80000000.0,23169033.0,108469033.0
The Purge: Anarchy,Uni.,40000000,2014-07-18,9000000.0,71562550.0,111534881.0
The Boxtrolls,Focus,58400000,2014-09-26,60000000.0,50837305.0,111946251.0
Horrible Bosses 2,WB,53200000,2014-11-26,40000000.0,54445357.0,105945357.0
Ouija,Uni.,52700000,2014-10-24,5000000.0,50856010.0,103300632.0
Transcendence,WB,80000000,2014-04-18,100000000.0,23022309.0,103039258.0
"Alexander and the Terrible, Horrible, No Good, Very Bad Day",BV,34400000,2014-10-10,28000000.0,66954149.0,101379287.0
Heaven is for Real,TriS,9900000,2014-04-16,12000000.0,91386097.0,100916299.0
Tammy,WB (NL),16000000,2014-07-02,20000000.0,84525432.0,96407655.0
Paranormal Activity: The Marked Ones,Par.,58400000,2014-01-03,5000000.0,32462372.0,90904854.0
The Hundred-Foot Journey,BV,34600000,2014-08-08,22000000.0,54235441.0,94270488.0
John Wick,LG/S,45700000,2014-10-24,30000000.0,43037835.0,76235001.0
Snowpiercer,RTWC,82200000,2014-06-27,40000000.0,4563029.0,88069880.0
The Judge,WB,37300000,2014-10-10,50000000.0,47119388.0,76119388.0
Muppets Most Wanted,BV,29200000,2014-03-21,55000000.0,51178893.0,79312301.0
If I Stay,WB (NL),28400000,2014-08-22,11000000.0,50474843.0,78356170.0
"I, Frankenstein",LGF,52100000,2014-01-24,65000000.0,19075290.0,74575290.0
Think Like a Man Too,SGem,5000000,2014-06-20,24000000.0,65028687.0,70027933.0
Brick Mansions,Rela.,48500000,2014-04-25,28000000.0,20396829.0,73421224.0
Son of God,Fox,8100000,2014-02-28,22000000.0,59700064.0,70949793.0
Jersey Boys,WB,20600000,2014-06-20,40000000.0,47047013.0,65282732.0
The Giver,Wein.,21900000,2014-08-15,25000000.0,45090374.0,66540205.0
Selma,Par.,14700000,2015-01-09,20000000.0,52076908.0,66776576.0
Begin Again,Wein.,47300000,2014-06-27,8000000.0,16170632.0,68838736.0
The Legend of Hercules,LG/S,42400000,2014-01-10,70000000.0,18848538.0,58953319.0
Dolphin Tale 2,WB,15800000,2014-09-12,36000000.0,42024533.0,57824533.0
St. Vincent,Wein.,10700000,2014-10-10,13000000.0,44137712.0,54837234.0
A Walk Among the Tombstones,Uni.,26900000,2014-09-19,28000000.0,26017685.0,62108587.0
3 Days to Kill,Rela.,21900000,2014-02-21,28000000.0,30697999.0,38959900.0
Whiplash,SPC,35900000,2014-10-10,3300000.0,13092006.0,38969037.0
Earth to Echo,Rela.,6400000,2014-07-02,13000000.0,38934842.0,42174545.0
Boyhood,IFC,19100000,2014-07-11,4000000.0,25379975.0,57273049.0
Oculus,Rela.,16300000,2014-04-11,5000000.0,27695246.0,44115496.0
This is Where I Leave You,WB,7000000,2014-09-19,20000000.0,34296320.0,41296320.0
That Awkward Moment,Focus,14400000,2014-01-31,8000000.0,26068955.0,53068955.0
The Gambler,Par.,5600000,2014-12-10,25000000.0,33680992.0,38718031.0
The Gambler,Par.,5600000,1999-08-04,3000000.0,51773.0,101773.0
Million Dollar Arm,BV,2800000,2014-05-16,25000000.0,36447959.0,39217912.0
Nightcrawler,ORF,6300000,2014-10-31,8500000.0,32381218.0,50334418.0
Devil's Due,Fox,21100000,2014-01-17,7000000.0,15821461.0,36146087.0
A Most Wanted Man,RAtt.,19000000,2014-07-25,15000000.0,17237855.0,36068890.0
The Best of Me,Rela.,9200000,2014-10-17,26000000.0,26766213.0,41059418.0
The November Man,Rela.,7500000,2014-08-27,15000000.0,25018119.0,34820335.0
Draft Day,LG/S,620000,2014-04-11,25000000.0,28842237.0,29847480.0
Big Eyes,Wein.,14800000,2014-12-25,10000000.0,14482031.0,27317872.0
Top Five,Par.,800000,2014-12-12,12000000.0,25317379.0,26001741.0
And So It Goes,CE,10200000,2014-07-25,18000000.0,15160801.0,17920013.0
A Haunted House 2,ORF,6600000,2014-04-18,4000000.0,17329487.0,21206861.0
The Railway Man,Wein.,17900000,2014-04-11,18000000.0,4438438.0,23910210.0
Mr. Turner,SPC,18200000,2014-12-19,14000000.0,3958546.0,25187026.0
Labor Day,Par.,6900000,2014-01-31,18000000.0,13371528.0,14189810.0
The Drop,FoxS,7900000,2014-09-12,12600000.0,10724389.0,19054534.0
Inherent Vice,WB,6600000,2014-12-12,20000000.0,8110975.0,14772346.0
A Most Violent Year,A24,6300000,2014-12-31,20000000.0,5749134.0,8846875.0
The Babadook,IFC,9300000,2014-11-28,2000000.0,950792.0,7482387.0
The Immigrant,Wein.,3800000,2014-05-16,16000000.0,2013456.0,7585011.0
Wish I Was Here,Focus,1900000,2014-07-18,6000000.0,3591299.0,6591365.0
Veronica Mars,WB,195000,2014-03-14,6000000.0,3322127.0,3485383.0
The Rover,A24,2100000,2014-06-13,8500000.0,1109199.0,3180252.0
Jackpot,DR,1100000,2001-07-27,400000.0,44452.0,44452.0
Jurassic World,Uni.,"1,019.4",2015-06-12,215000000.0,652270625.0,1648854864.0
Furious 7,Uni.,"1,163.0",2015-04-03,190000000.0,353007020.0,1518722794.0
Avengers: Age of Ultron,BV,946400000,2015-05-01,330600000.0,459005868.0,1403013963.0
Minions,Uni.,823400000,2015-07-10,74000000.0,336045770.0,1160336173.0
Spectre,Sony,680600000,2015-11-06,300000000.0,200074175.0,879620923.0
Inside Out,BV,501100000,2015-06-19,175000000.0,356461711.0,854235992.0
The Hunger Games: Mockingjay - Part 2,LGF,371700000,2015-11-20,160000000.0,281723902.0,648986787.0
The Martian,Fox,401700000,2015-10-02,108000000.0,228433663.0,655271443.0
Fifty Shades of Grey,Uni.,404800000,2015-02-13,40000000.0,166167230.0,570998101.0
The Revenant,Fox,349300000,2015-12-25,135000000.0,183637894.0,532938302.0
Ant-Man,BV,339100000,2015-07-17,130000000.0,180202163.0,518858449.0
Hotel Transylvania 2,Sony,305100000,2015-09-25,80000000.0,169700110.0,469500298.0
San Andreas,WB (NL),318800000,2015-05-29,110000000.0,155190832.0,456258539.0
Terminator: Genisys,Par.,350800000,2015-07-01,155000000.0,89760956.0,432150894.0
Kingsman: The Secret Service,Fox,286100000,2015-02-13,94000000.0,128261724.0,404561724.0
Mad Max: Fury Road,WB,224800000,2015-05-15,150000000.0,153636354.0,370098020.0
The Good Dinosaur,BV,209100000,2015-11-25,187500000.0,123087120.0,333771037.0
Taken 3,Fox,237200000,2015-01-09,48000000.0,89256424.0,327656424.0
The SpongeBob Movie: Sponge Out of Water,Par.,162200000,2015-02-06,74000000.0,162994032.0,311013181.0
Maze Runner: The Scorch Trials,Fox,230600000,2015-09-18,61000000.0,81697192.0,310566162.0
The Divergent Series: Insurgent,LG/S,167100000,2015-03-20,110000000.0,130179072.0,295075882.0
Pitch Perfect 2,Uni.,103200000,2015-05-15,29000000.0,184296230.0,287625468.0
Paddington,W/Dim.,191800000,2015-01-16,55000000.0,76223578.0,258789097.0
The Peanuts Movie,Fox,116100000,2015-11-06,99000000.0,130178411.0,250091610.0
Pixels,Sony,166100000,2015-07-24,90000000.0,78765986.0,244041804.0
Alvin and the Chipmunks: The Road Chip,Fox,148900000,2015-12-18,90000000.0,85886987.0,249517956.0
Ted 2,Uni.,135200000,2015-06-26,68000000.0,81476385.0,217214143.0
Tomorrowland,BV,115700000,2015-05-22,170000000.0,93436322.0,206627518.0
Straight Outta Compton,Uni.,40400000,2015-08-14,28000000.0,161197785.0,202182981.0
The Intern,WB,118800000,2015-09-25,40000000.0,75764672.0,197115710.0
Jupiter Ascending,WB,136600000,2015-02-06,179000000.0,47482519.0,181982519.0
Creed,WB (NL),63800000,2015-11-25,37000000.0,109767581.0,173567581.0
Fantastic Four,Fox,111900000,2015-08-07,120000000.0,56117548.0,167849187.0
Fantastic Four,Fox,111900000,2005-07-08,87500000.0,154696080.0,333132750.0
Bridge of Spies,BV,93200000,2015-10-16,40000000.0,72313754.0,162498338.0
The Hateful Eight,Wein.,101600000,2015-12-25,62000000.0,54117416.0,147864886.0
Goosebumps,Sony,70100000,2015-10-16,58000000.0,80069458.0,158905324.0
The Last Witch Hunter,LG/S,119600000,2015-10-23,80000000.0,27367660.0,130818912.0
Trainwreck,Uni.,30600000,2015-07-17,35000000.0,110212700.0,141123897.0
The Big Short,Par.,63200000,2015-12-11,28000000.0,70259870.0,133162752.0
Pan,WB,93300000,2015-10-09,150000000.0,35088320.0,151525973.0
Magic Mike XXL,WB,56500000,2015-07-01,14500000.0,66013057.0,123660597.0
Seventh Son,Uni.,97000000,2015-02-06,95000000.0,17725785.0,108874967.0
Insidious Chapter 3,Focus,60800000,2015-06-05,10000000.0,52218558.0,120453155.0
Get Hard,WB,21400000,2015-03-27,40000000.0,90411453.0,106511453.0
The Man From U.N.C.L.E.,WB,64400000,2015-08-14,75000000.0,45445109.0,104949584.0
Paul Blart: Mall Cop 2,Sony,36600000,2015-04-17,38000000.0,71091594.0,107650646.0
Sisters,Uni.,18000000,2015-12-18,30000000.0,87044645.0,106030660.0
Vacation,WB (NL),46000000,2015-07-29,31000000.0,58884188.0,102306500.0
Chappie,Sony,70500000,2015-03-06,49000000.0,31569268.0,105002056.0
Joy,Fox,44700000,2015-12-25,60000000.0,56451232.0,101134059.0
Black Mass,WB,37200000,2015-09-18,53000000.0,62575678.0,98837872.0
The Visit,Uni.,33200000,2015-09-11,5000000.0,65206105.0,98677816.0
Spotlight,ORF,53200000,2015-11-06,20000000.0,45055776.0,92088460.0
In the Heart of the Sea,WB,68900000,2015-12-11,100000000.0,25020758.0,89693309.0
Southpaw,Wein.,39500000,2015-07-24,30000000.0,52421953.0,94156456.0
The Second Best Exotic Marigold Hotel,FoxS,52900000,2015-03-06,10000000.0,33078266.0,90384306.0
Paper Towns,Fox,53500000,2015-07-24,12000000.0,32000304.0,85450484.0
Sicario,LGF,38000000,2015-09-18,30000000.0,46889293.0,84393749.0
Hitman: Agent 47,Fox,59900000,2015-08-21,35000000.0,22467450.0,82182803.0
The Wedding Ringer,SGem,15300000,2015-01-16,23000000.0,64460211.0,80171596.0
Paranormal Activity: The Ghost Dimension,Par.,60600000,2015-10-23,10000000.0,18297124.0,77959374.0
Crimson Peak,Uni.,43600000,2015-10-16,55000000.0,31090320.0,74966854.0
The Transporter Refueled,EC,56600000,2015-09-04,22000000.0,16029670.0,69698495.0
Run All Night,WB,45200000,2015-03-13,50000000.0,26461644.0,66961644.0
The Age of Adaline,LGF,23000000,2015-04-24,30000000.0,42629776.0,68984536.0
Unfriended,Uni.,31600000,2015-04-17,1000000.0,32789645.0,64364198.0
The Longest Ride,Fox,25500000,2015-04-10,34000000.0,37446117.0,63802928.0
Brooklyn,FoxS,23800000,2015-11-04,11000000.0,38322743.0,62076141.0
Woman in Gold,Wein.,28300000,2015-04-01,11000000.0,33307793.0,58586407.0
Krampus,Uni.,18800000,2015-12-04,15000000.0,42725475.0,61788393.0
The Walk,TriS,51000000,2015-09-30,35000000.0,10161183.0,61492104.0
The Perfect Guy,SGem,3200000,2015-09-11,18000000.0,57027435.0,60278166.0
No Escape,Wein.,27100000,2015-08-26,5000000.0,27288872.0,42844516.0
Sinister 2,Focus,25100000,2015-08-21,10000000.0,27740955.0,54104225.0
The Boy Next Door,Uni.,17000000,2015-01-23,4000000.0,36006065.0,53401938.0
The Night Before,Sony,9300000,2015-11-20,25000000.0,43035725.0,52427346.0
Hot Pursuit,WB (NL),17100000,2015-05-08,35000000.0,34580201.0,45671512.0
Entourage,WB,16900000,2015-06-03,30000000.0,32363404.0,46438538.0
Mortdecai,LGF,39600000,2015-01-23,60000000.0,7696134.0,30396134.0
"McFarland, USA",BV,1200000,2015-02-20,17000000.0,44480275.0,45707924.0
Still Alice,SPC,25100000,2015-01-16,5000000.0,18656400.0,41699612.0
The DUFF,LGF,9500000,2015-02-20,8500000.0,34030343.0,43528634.0
Legend,Uni.,41100000,1986-04-18,25000000.0,15502112.0,23506237.0
Legend,Uni.,41100000,2015-11-20,25000000.0,1872994.0,42425450.0
The Gallows,WB (NL),20200000,2015-07-10,100000.0,22764410.0,41656474.0
Love the Coopers,LGF,16100000,2015-11-13,18000000.0,26302731.0,42227490.0
The Lady in the Van,SPC,31400000,2016-01-15,6000000.0,10021175.0,42320503.0
Ricki and the Flash,TriS,14500000,2015-08-07,18000000.0,26839498.0,41166033.0
Carol,Wein.,27600000,2015-11-20,11800000.0,12711491.0,42843521.0
The Lazarus Effect,Rela.,12600000,2015-02-27,5000000.0,25801570.0,38359310.0
The Water Diviner,WB,34000000,2015-04-24,22500000.0,4200117.0,31054727.0
A Walk in the Woods,BG,8000000,2015-09-02,8000000.0,29499394.0,37119358.0
Ex Machina,A24,11400000,2015-04-10,13000000.0,25440971.0,38358392.0
Burnt,Wein.,23000000,2015-10-30,20000000.0,13651946.0,36773510.0
Room,A24,20700000,2015-10-16,13000000.0,14677674.0,36262783.0
Steve Jobs,Uni.,16700000,2015-10-09,30000000.0,17766658.0,35579007.0
Victor Frankenstein,Fox,28500000,2015-11-25,40000000.0,5775076.0,31124367.0
Project Almanac,Par.,10900000,2015-01-30,12000000.0,22348241.0,32909437.0
Self/Less,Focus,18200000,2015-07-10,26000000.0,12279691.0,33667319.0
American Ultra,LGF,12700000,2015-08-21,28000000.0,14439985.0,30295028.0
Aloha,Sony,5200000,2015-05-29,37000000.0,21052030.0,25387091.0
The 33,WB,12700000,2015-11-13,25000000.0,12227722.0,28400715.0
The Gunman,ORF,13500000,2015-03-20,40000000.0,10664749.0,18594227.0
Blackhat,Uni.,11600000,2015-01-16,70000000.0,8005980.0,19665004.0
Dope,ORF,480000,2015-06-19,7000000.0,17506470.0,18190831.0
While We're Young,A24,9700000,2015-03-27,10000000.0,7582065.0,17503828.0
Scouts Guide to the Zombie Apocalypse,Par.,12400000,2015-10-30,15000000.0,3703046.0,15554855.0
Suffragette,Focus,11300000,2015-10-23,14000000.0,4702420.0,34044909.0
Unfinished Business,Fox,4200000,2015-03-06,35000000.0,10219501.0,13214051.0
Do You Believe?,PFR,1400000,2015-03-20,2300000.0,12985600.0,14304931.0
Hot Tub Time Machine 2,Par.,767000,2015-02-20,14000000.0,12314651.0,12826644.0
Child 44,LG/S,11700000,2015-04-17,50000000.0,1224330.0,8004221.0
We Are Your Friends,WB,7500000,2015-08-28,2000000.0,3591417.0,10153415.0
Danny Collins,BST,5200000,2015-03-20,10000000.0,5637066.0,8465845.0
Shanghai,Wein.,9200000,2015-10-02,50000000.0,46425.0,15505922.0
Me and Earl and the Dying Girl,FoxS,2300000,2015-06-12,8000000.0,6758416.0,9266180.0
Anomalisa,Par.,1900000,2015-12-30,8000000.0,3759286.0,5706168.0
Trash,FCW,4800000,2015-10-09,12000000.0,17484.0,6553186.0
Escobar: Paradise Lost,RTWC,3600000,2015-06-26,17000000.0,195792.0,3917679.0
By the Sea,Uni.,2800000,2015-11-13,20000000.0,538460.0,3727746.0
Jem and the Holograms,Uni.,149000,2015-10-23,5000000.0,2184640.0,2368937.0
The D Train,IFC,102000,2015-05-08,3000000.0,669688.0,772366.0
Captain America: Civil War,BV,745200000,2016-05-06,250000000.0,408084349.0,1140069413.0
Rogue One: A Star Wars Story,BV,523900000,2016-12-16,200000000.0,532177324.0,1049102856.0
Finding Dory,BV,542300000,2016-06-17,200000000.0,486295561.0,1021215193.0
Zootopia,BV,682500000,2016-03-04,150000000.0,341268248.0,1019429616.0
The Secret Life of Pets,Uni.,507100000,2016-07-08,75000000.0,368384330.0,886750534.0
Batman v Superman: Dawn of Justice,WB,543300000,2016-03-25,250000000.0,330360194.0,867500281.0
Deadpool,Fox,420000000,2016-02-12,58000000.0,363070709.0,801025593.0
Suicide Squad,WB,421700000,2016-08-05,175000000.0,325100054.0,746059887.0
Doctor Strange,BV,445100000,2016-11-04,165000000.0,232641920.0,676404566.0
Moana,BV,394600000,2016-11-23,150000000.0,248757044.0,637517365.0
Sing,Uni.,363800000,2016-12-21,75000000.0,270329045.0,634454789.0
X-Men: Apocalypse,Fox,388500000,2016-05-27,178000000.0,155442489.0,542537546.0
Kung Fu Panda 3,Fox,377600000,2016-01-29,140000000.0,143528619.0,517599142.0
La La Land,LG/S,295000000,2016-12-09,20000000.0,151101803.0,426351163.0
Warcraft,Uni.,386300000,2016-06-10,160000000.0,47225655.0,425522281.0
Jason Bourne,Uni.,253100000,2016-07-29,120000000.0,162192920.0,416168316.0
Ice Age: Collision Course,Fox,344500000,2016-07-22,105000000.0,64063008.0,402156682.0
Independence Day: Resurgence,Fox,286500000,2016-06-24,165000000.0,103144286.0,384169424.0
The Legend of Tarzan,WB,230100000,2016-07-01,180000000.0,126643061.0,348902025.0
The Angry Birds Movie,Sony,244800000,2016-05-20,73000000.0,107509366.0,352327887.0
Trolls,Fox,193200000,2016-11-04,125000000.0,153707064.0,344150134.0
Star Trek Beyond,Par.,184600000,2016-07-22,185000000.0,158848340.0,335802233.0
Now You See Me 2,LG/S,269800000,2016-06-10,90000000.0,65075540.0,328325007.0
Dangal,UTV,290500000,2016-12-21,9500000.0,12391761.0,294654618.0
Alice Through the Looking Glass,BV,222400000,2016-05-27,170000000.0,77042381.0,276928112.0
Teenage Mutant Ninja Turtles: Out of the Shadows,Par.,163600000,2016-06-03,135000000.0,82051601.0,245328374.0
Sully,WB,115700000,2016-09-09,60000000.0,125070033.0,238524556.0
Hidden Figures,Fox,66300000,2016-12-25,25000000.0,169607287.0,231771716.0
Inferno,Sony,185700000,2016-10-28,75000000.0,34343574.0,219519367.0
Central Intelligence,WB (NL),89500000,2016-06-17,50000000.0,127440871.0,217194805.0
Me Before You,WB (NL),152100000,2016-06-03,20000000.0,56245075.0,208265198.0
London Has Fallen,Focus,143200000,2016-03-04,60000000.0,62524260.0,195194085.0
Arrival,Par.,102800000,2016-11-11,47000000.0,100546139.0,203127894.0
Bad Moms,STX,70700000,2016-07-29,20000000.0,113257297.0,180998716.0
Storks,WB,110700000,2016-09-23,70000000.0,72679278.0,183353431.0
The BFG,BV,127900000,2016-07-01,140000000.0,55483770.0,199646680.0
The Divergent Series: Allegiant,LG/S,113100000,2016-03-18,110000000.0,66184051.0,172022517.0
Hacksaw Ridge,LGF,108100000,2016-11-04,40000000.0,67209615.0,168904682.0
Jack Reacher: Never Go Back,Par.,103400000,2016-10-21,60000000.0,58697076.0,159946489.0
The Accountant,WB,68900000,2016-10-14,40000000.0,86260045.0,152962083.0
Gods of Egypt,LG/S,119500000,2016-02-26,140000000.0,31153464.0,138836756.0
Lights Out,WB (NL),81600000,2016-07-22,5000000.0,67268835.0,148806510.0
Sausage Party,Sony,43000000,2016-08-12,19000000.0,97670358.0,141344255.0
Lion,Wein.,88600000,2016-11-25,12000000.0,51739495.0,149570720.0
Mechanic: Resurrection,LG/S,104500000,2016-08-26,40000000.0,21218403.0,109738840.0
Ride Along 2,Uni.,33400000,2016-01-15,40000000.0,90862685.0,124827316.0
Deepwater Horizon,LG/S,60400000,2016-09-30,156000000.0,61433527.0,122603824.0
Allied,Par.,79400000,2016-11-23,106000000.0,40098064.0,119266661.0
The Shallows,Sony,64000000,2016-06-24,13000000.0,55121623.0,118763442.0
The Purge: Election Year,Uni.,39400000,2016-07-01,10000000.0,79042440.0,118514727.0
Why Him?,Fox,57800000,2016-12-23,38000000.0,60323786.0,117425156.0
Office Christmas Party,Par.,59700000,2016-12-09,45000000.0,54767494.0,91323299.0
10 Cloverfield Lane,Par.,38100000,2016-03-11,5000000.0,72082999.0,108286422.0
The 5th Wave,Sony,75000000,2016-01-22,38000000.0,34912982.0,111336398.0
Neighbors 2: Sorority Rising,Uni.,52600000,2016-05-20,35000000.0,55340730.0,108757621.0
The Little Prince,EOne,96200000,2016-02-12,77500000.0,1311213.0,102028919.0
Dirty Grandpa,LGF,58500000,2016-01-22,11500000.0,35593113.0,105078449.0
Money Monster,TriS,52300000,2016-05-13,27000000.0,41012075.0,93466095.0
My Big Fat Greek Wedding 2,Uni.,29200000,2016-03-25,18000000.0,59689605.0,92096558.0
Collateral Beauty,WB (NL),57500000,2016-12-16,36000000.0,31016021.0,85309093.0
Sultan,Yash,81100000,2016-07-06,11000000.0,5599781.0,72989781.0
War Dogs,WB,43200000,2016-08-19,50000000.0,43034523.0,86234503.0
Nerve,LGF,46700000,2016-07-27,20000000.0,38583626.0,70652284.0
Ouija: Origin of Evil,Uni.,46600000,2016-10-21,9000000.0,35144505.0,81831866.0
Manchester by the Sea,RAtt.,31300000,2016-11-18,8500000.0,47695371.0,77733867.0
The Boss,Uni.,15600000,2016-04-08,29000000.0,63077560.0,78652207.0
Mike and Dave Need Wedding Dates,Fox,31100000,2016-07-08,33000000.0,46009673.0,75898100.0
Miracles from Heaven,TriS,12200000,2016-03-16,13000000.0,61705123.0,73798736.0
Kubo and the Two Strings,Focus,21900000,2016-08-19,55000000.0,48023088.0,77548122.0
13 Hours: The Secret Soldiers of Benghazi,Par.,16600000,2016-01-15,50000000.0,52853219.0,69411370.0
Fences,Par.,6700000,2016-12-16,24000000.0,57682904.0,64282881.0
"Hail, Caesar!",Uni.,33100000,2016-02-05,22000000.0,30080225.0,64160680.0
The Nice Guys,WB,26500000,2016-05-20,50000000.0,36261763.0,59596747.0
Zoolander 2,Par.,27900000,2016-02-12,50000000.0,28848693.0,55348693.0
Barbershop: The Next Cut,WB (NL),1000000,2016-04-15,20000000.0,54030051.0,54404202.0
The Finest Hours,BV,24500000,2016-01-29,70000000.0,27569558.0,49252761.0
Patriots Day,LGF,18700000,2016-12-21,40000000.0,31886361.0,52837989.0
Florence Foster Jenkins,Par.,21500000,2016-08-12,29000000.0,27383770.0,56000339.0
A Monster Calls,Focus,43600000,2017-01-06,43000000.0,3740823.0,46414530.0
Eddie the Eagle,Fox,30400000,2016-02-26,23000000.0,15789389.0,45060480.0
Risen,Sony,9200000,2016-02-19,20000000.0,36880033.0,46255763.0
Blair Witch,LGF,24400000,2016-09-16,10000000.0,20777061.0,38985577.0
Almost Christmas,Uni.,422000,2016-11-11,17000000.0,42065185.0,42493506.0
The Witch,A24,15300000,2016-02-19,3500000.0,25138705.0,40454520.0
Hell or High Water,LGF,10900000,2016-08-12,12000000.0,27007844.0,37584304.0
The Forest,Focus,11000000,2016-01-08,10000000.0,26594261.0,40749230.0
Snowden,ORF,15700000,2016-09-16,50000000.0,21587519.0,35380918.0
When the Bough Breaks,SGem,911000,2016-09-09,10000000.0,29747603.0,30768449.0
Nocturnal Animals,Focus,19600000,2016-11-18,22500000.0,10663357.0,32398681.0
The Light Between Oceans,BV,13400000,2016-09-02,20000000.0,12545979.0,22281732.0
The Brothers Grimsby,Sony,18300000,2016-03-11,35000000.0,6864016.0,28720470.0
Free State of Jones,STX,4200000,2016-06-24,50000000.0,20810036.0,23237252.0
Middle School: The Worst Years of My Life,LGF,3300000,2016-10-07,8500000.0,20007149.0,23311293.0
Triple 9,ORF,10500000,2016-02-26,20000000.0,12639297.0,25943792.0
Fifty Shades of Black,ORF,10500000,2016-01-29,5000000.0,11686940.0,22113075.0
The Edge of Seventeen,STX,4400000,2016-11-18,9000000.0,14431633.0,19096003.0
Regression,W/Dim.,17600000,2015-10-30,20000000.0,55039.0,15824374.0
Hardcore Henry,STX,7600000,2016-04-08,2000000.0,9252038.0,17187434.0
Pride and Prejudice and Zombies,SGem,5500000,2016-02-05,28000000.0,10907291.0,16638300.0
The Other Side of the Door,Fox,11300000,2016-03-04,5000000.0,3000342.0,12905107.0
Shut In,EC,6200000,2016-11-11,10000000.0,6900335.0,11360665.0
Loving,Focus,5200000,2016-11-04,9000000.0,7710234.0,12898064.0
The Man Who Knew Infinity,IFC,8400000,2016-04-29,10000000.0,3877922.0,12382122.0
The Perfect Match,LGF,745000,2016-03-11,5000000.0,9669521.0,10182050.0
Queen of Katwe,BV,1500000,2016-09-23,15000000.0,8874389.0,10055481.0
Miss Sloane,EC,5600000,2016-11-25,18000000.0,3500605.0,7719630.0
Morgan,Fox,4900000,2016-09-02,8000000.0,3915251.0,7298786.0
Incarnate,BH Tilt,1500000,2016-12-02,5000000.0,4799774.0,9371036.0
Max Steel,ORF,2500000,2016-10-14,10000000.0,3818664.0,4563080.0
Midnight Special,WB,2500000,2016-03-18,18000000.0,3712282.0,7680250.0
Genius,RAtt.,4300000,2016-06-10,17000000.0,1361045.0,7265283.0
American Honey,A24,1200000,2016-09-30,3500000.0,663247.0,2611750.0
The Fate of the Furious,Uni.,"1,010.0",2017-04-14,250000000.0,225764765.0,1234846267.0
Despicable Me 3,Uni.,770200000,2017-06-30,75000000.0,264624300.0,1034727750.0
Jumanji: Welcome to the Jungle,Sony,557600000,2017-12-20,90000000.0,404508916.0,964496193.0
Spider-Man: Homecoming,Sony,546000000,2017-07-07,175000000.0,334201140.0,880166350.0
Thor: Ragnarok,BV,538900000,2017-11-03,180000000.0,315058289.0,846980024.0
Wonder Woman,WB,409300000,2017-06-02,150000000.0,412563408.0,821133378.0
Coco,BV,597400000,2017-11-22,175000000.0,209726015.0,798008101.0
Pirates of the Caribbean: Dead Men Tell No Tales,BV,622300000,2017-05-26,230000000.0,172558876.0,788241137.0
It,WB (NL),372900000,2017-09-08,35000000.0,327481748.0,697457969.0
Justice League,WB,428900000,2017-11-17,300000000.0,229024295.0,655945209.0
Transformers: The Last Knight,Par.,475300000,2017-06-21,217000000.0,130168683.0,602893340.0
Kong: Skull Island,WB,398600000,2017-03-10,185000000.0,168052812.0,561072059.0
The Boss Baby,Fox,353000000,2017-03-31,125000000.0,175003033.0,510878762.0
Dunkirk,WB,337200000,2017-07-21,150000000.0,190068280.0,499837368.0
War for the Planet of the Apes,Fox,343800000,2017-07-14,152000000.0,146880162.0,489592267.0
The Greatest Showman,Fox,260700000,2017-12-20,84000000.0,174340174.0,386665550.0
Kingsman: The Golden Circle,Fox,310700000,2017-09-22,104000000.0,100234838.0,408803696.0
Cars 3,BV,231000000,2017-06-16,175000000.0,152901115.0,383541369.0
Fifty Shades Darker,Uni.,267000000,2017-02-10,55000000.0,114434010.0,381398492.0
The Great Wall,Uni.,289400000,2017-02-17,150000000.0,45157105.0,334486852.0
Resident Evil: The Final Chapter,SGem,285400000,2017-01-27,40000000.0,26844692.0,314101190.0
Annabelle: Creation,WB (NL),204400000,2017-08-11,15000000.0,102092201.0,305384865.0
Wonder,LGF,173500000,2017-11-17,20000000.0,132422809.0,304604712.0
Ferdinand,Fox,211700000,2017-12-15,111000000.0,84410380.0,289847930.0
Split,Uni.,140200000,2017-01-20,5000000.0,138141585.0,278964806.0
Blade Runner 2049,WB,167200000,2017-10-06,185000000.0,92054159.0,259357408.0
Get Out,Uni.,79400000,2017-02-24,5000000.0,176040665.0,255367951.0
Baahubali 2: The Conclusion,GrtIndia,234000000,2017-04-28,30000000.0,18985794.0,263502914.0
Alien: Covenant,Fox,166600000,2017-05-19,97000000.0,74262031.0,238521247.0
Baby Driver,TriS,119100000,2017-06-28,34000000.0,107825862.0,228104185.0
Valerian and the City of a Thousand Planets,STX,184700000,2017-07-21,180000000.0,40479370.0,215098356.0
Geostorm,WB,187900000,2017-10-20,100000000.0,33700160.0,220796009.0
The Emoji Movie,Sony,131699999,2017-07-28,50000000.0,86089513.0,216562312.0
Smurfs: The Lost Village,Sony,152200000,2017-04-07,60000000.0,45020282.0,197578586.0
The Shape of Water,FoxS,131400000,2017-12-01,19500000.0,63859435.0,195790794.0
Pitch Perfect 3,Uni.,80500000,2017-12-22,45000000.0,104897530.0,185736412.0
The Post,Fox,97900000,2017-12-22,50000000.0,81903458.0,179748880.0
Baywatch,Par.,119800000,2017-05-25,60000000.0,58060186.0,175863783.0
John Wick: Chapter Two,LG/S,79500000,2017-02-10,40000000.0,92029184.0,171350009.0
"Three Billboards Outside Ebbing, Missouri",FoxS,104700000,2017-11-10,12000000.0,54513740.0,160191915.0
Darkest Hour,Focus,94400000,2017-11-22,30000000.0,56443120.0,150807172.0
King Arthur: Legend of the Sword,WB,109500000,2017-05-12,175000000.0,39175066.0,139630336.0
The Foreigner,STX,111000000,2017-10-13,35000000.0,34393507.0,140783360.0
Girls Trip,Uni.,25400000,2017-07-21,28000000.0,115108515.0,140886353.0
American Made,Uni.,83500000,2017-09-29,50000000.0,51342000.0,135569212.0
A Bad Moms Christmas,STX,58400000,2017-11-01,28000000.0,72110659.0,127710550.0
Captain Underpants: The First Epic Movie,Fox,51600000,2017-06-02,38000000.0,73921000.0,126577874.0
Happy Death Day,Uni.,69800000,2017-10-13,5000000.0,55683845.0,125010260.0
The Dark Tower,Sony,62500000,2017-08-04,60000000.0,50701325.0,113461527.0
Jigsaw,LGF,64900000,2017-10-27,10000000.0,38052832.0,102445196.0
Atomic Blonde,Focus,48300000,2017-07-28,30000000.0,51573925.0,98345423.0
Rings,Par.,55300000,2017-02-03,25000000.0,27793018.0,82917283.0
Underworld: Blood Wars,SGem,50700000,2017-01-06,35000000.0,30353973.0,81209222.0
Lady Bird,A24,30000000,2017-11-03,10000000.0,48958273.0,78610769.0
American Assassin,LGF,31000000,2017-09-15,63000000.0,36249674.0,68310140.0
Victoria and Abdul,Focus,43200000,2017-09-22,21000000.0,22245070.0,68271146.0
The Nut Job 2: Nutty by Nature,ORF,36800000,2017-08-11,40000000.0,28370522.0,57438389.0
Monster Trucks,Par.,31100000,2017-01-13,125000000.0,33370166.0,61642798.0
The Star,Sony,22000000,2017-11-17,20000000.0,40847995.0,62758010.0
"Everything, Everything",WB,27500000,2017-05-19,10000000.0,34121140.0,61603136.0
Snatched,Fox,15000000,2017-05-12,42000000.0,45852178.0,57852177.0
The Big Sick,LGF,13500000,2017-06-23,5000000.0,42872467.0,53972860.0
Downsizing,Par.,30600000,2017-12-22,68000000.0,24449754.0,54462971.0
"I, Tonya",Neon,23900000,2017-12-08,11000000.0,30014534.0,53797409.0
Logan Lucky,BST,20700000,2017-08-18,29000000.0,27778642.0,44264271.0
Rough Night,Sony,25200000,2017-06-16,20000000.0,22105643.0,46844357.0
mother!,Par.,26700000,2017-09-15,30000000.0,17800004.0,42531076.0
The Snowman,Uni.,36400000,2017-10-20,35000000.0,6670765.0,43226146.0
Gifted,FoxS,18200000,2017-04-07,7000000.0,24801212.0,36964656.0
T2: Trainspotting,TriS,39300000,2017-03-17,18000000.0,2402004.0,42091262.0
Fist Fight,WB (NL),8900000,2017-02-17,25000000.0,32187017.0,40286416.0
Diary of a Wimpy Kid: The Long Haul,Fox,19400000,2017-05-19,22000000.0,20738724.0,35609577.0
The House,WB (NL),8600000,2017-06-30,40000000.0,25584504.0,31192425.0
The Disaster Artist,A24,8700000,2017-12-01,10000000.0,21120616.0,28717667.0
The Bye Bye Man,STX,4300000,2017-01-13,7400000.0,22395806.0,31187727.0
Father Figures,WB,8100000,2017-12-22,25000000.0,17501244.0,21038441.0
The Founder,Wein.,11300000,2017-01-20,15000000.0,12786053.0,24403192.0
The Lost City of Z,BST,10700000,2017-04-14,30000000.0,8574339.0,17121823.0
The Space Between Us,STX,6900000,2017-02-03,30000000.0,7885294.0,16481405.0
"Roman J. Israel, Esq.",Sony,1100000,2017-11-17,22000000.0,11962712.0,12967012.0
Stronger,RAtt.,4200000,2017-09-22,30000000.0,4211129.0,8786752.0
Tulip Fever,Wein.,5900000,2017-09-01,25000000.0,2455635.0,6792768.0
Just Getting Started,BG,1600000,2017-12-08,22000000.0,6069605.0,6756412.0
All Saints,Affirm,140000,2017-08-25,2000000.0,5802208.0,5941994.0
Table 19,FoxS,1400000,2017-03-03,5000000.0,3614896.0,4620399.0
Collide,ORF,2500000,2017-02-24,29200000.0,2280004.0,5466698.0
The Wall,RAtt.,2700000,2017-05-12,3000000.0,1803064.0,4495262.0
Patti Cake$,FoxS,682000,2017-08-18,1000000.0,800148.0,1471090.0
City of Ghosts,IFC,100000,2003-04-25,17500000.0,325491.0,325491.0
Avengers: Infinity War,BV,"1,369.5",2018-04-27,300000000.0,678815482.0,2048134200.0
Black Panther,BV,646900000,2018-02-16,200000000.0,700059566.0,1348258224.0
Jurassic World: Fallen Kingdom,Uni.,891800000,2018-06-22,170000000.0,417719760.0,1305772799.0
Incredibles 2,BV,634200000,2018-06-15,200000000.0,608581744.0,1242520711.0
Aquaman,WB,812700000,2018-12-21,160000000.0,335061807.0,1146894640.0
Bohemian Rhapsody,Fox,687200000,2018-11-02,55000000.0,216303339.0,894985342.0
Deadpool 2,Fox,460500000,2018-05-18,110000000.0,324591735.0,786680557.0
Fantastic Beasts: The Crimes of Grindelwald,WB,494100000,2018-11-16,200000000.0,159555901.0,652220086.0
Ant-Man and the Wasp,BV,406000000,2018-07-06,130000000.0,216648740.0,623144660.0
Ready Player One,WB,445200000,2018-03-29,150000000.0,137690172.0,579290136.0
The Meg,WB,384800000,2018-08-10,178000000.0,145443742.0,529530715.0
Hotel Transylvania 3: Summer Vacation,Sony,361100000,2018-07-13,65000000.0,167500092.0,527079962.0
Bumblebee,Par.,340800000,2018-12-21,102000000.0,127195589.0,465195589.0
Solo: A Star Wars Story,BV,179200000,2018-05-25,275000000.0,213767512.0,393151347.0
Fifty Shades Freed,Uni.,271500000,2018-02-09,55000000.0,100407760.0,371350619.0
Peter Rabbit,Sony,236000000,2018-02-09,50000000.0,115234093.0,347136477.0
Mary Poppins Returns,BV,177600000,2018-12-19,130000000.0,171958438.0,341528518.0
A Quiet Place,Par.,152900000,2018-04-06,17000000.0,188024361.0,334522294.0
Green Book,Uni.,234700000,2018-11-16,23000000.0,85080171.0,322034439.0
Skyscraper,Uni.,236400000,2018-07-13,125000000.0,68420120.0,304115534.0
Maze Runner: The Death Cure,Fox,230200000,2018-01-26,61000000.0,58032443.0,265878536.0
Tomb Raider,WB,216400000,2018-03-16,90000000.0,58250803.0,273477501.0
Crazy Rich Asians,WB,64000000,2018-08-15,30000000.0,174532921.0,238099711.0
Smallfoot,WB,130900000,2018-09-28,80000000.0,83240103.0,213691277.0
Creed II,MGM,98300000,2018-11-21,50000000.0,115715889.0,213591522.0
The Equalizer 2,Sony,88300000,2018-07-20,77000000.0,102084362.0,190453132.0
The Nutcracker and the Four Realms,BV,119100000,2018-11-02,132900000.0,54858851.0,170293899.0
The Mule,WB,68700000,2018-12-14,50000000.0,103804407.0,170857676.0
Insidious: The Last Key,Uni.,100100000,2018-01-05,10000000.0,67745330.0,167885588.0
Red Sparrow,Fox,104700000,2018-03-02,69000000.0,46874505.0,145951861.0
The First Purge,Uni.,67500000,2018-07-04,13000000.0,69488745.0,136617305.0
A Wrinkle in Time,BV,32200000,2018-03-09,103000000.0,100478608.0,133401882.0
Instant Family,Par.,53200000,2018-11-16,48000000.0,67363237.0,119736188.0
The Commuter,LGF,83600000,2018-01-12,40000000.0,36343858.0,101985431.0
Game Night,WB (NL),48500000,2018-02-23,37000000.0,69179066.0,117378084.0
First Man,Uni.,60800000,2018-10-12,60000000.0,44936545.0,105203825.0
Alpha,Studio 8,62300000,2018-08-17,51000000.0,35851379.0,99624873.0
A Simple Favor,LGF,44100000,2018-09-14,20000000.0,53548586.0,97628717.0
The Favourite,FoxS,61600000,2018-11-23,15000000.0,34366783.0,94113929.0
Truth or Dare,Uni.,53900000,2018-04-13,3500000.0,41411015.0,95127344.0
I Feel Pretty,STX,45700000,2018-04-20,32000000.0,48795601.0,91553797.0
Blockers,Uni.,33700000,2018-04-06,21000000.0,60311495.0,94045328.0
Goosebumps 2: Haunted Halloween,Sony,46600000,2018-10-12,35000000.0,46697321.0,93291478.0
BlacKkKlansman,Focus,44000000,2018-08-10,15000000.0,49275340.0,93017335.0
Sherlock Gnomes,Par.,47100000,2018-03-23,59000000.0,43242871.0,87527651.0
Mortal Engines,Uni.,67700000,2018-12-14,100000000.0,15951040.0,85287417.0
Den of Thieves,STX,35600000,2018-01-19,30000000.0,44947622.0,80131391.0
Hereditary,A24,35300000,2018-06-08,10000000.0,44069456.0,70133905.0
Tag,WB (NL),23400000,2018-06-15,28000000.0,54730625.0,77026186.0
Vice,Annapurna,28200000,2018-12-25,60000000.0,47836282.0,70883171.0
Widows,Fox,33600000,2018-11-16,40000000.0,42402632.0,73866088.0
Sicario: Day of the Soldado,Sony,25800000,2018-06-29,35000000.0,50065850.0,75885196.0
Second Act,STX,33000000,2018-12-21,15700000.0,39282227.0,63288854.0
12 Strong,WB,21600000,2018-01-19,35000000.0,45819713.0,71118378.0
"Love, Simon",Fox,25500000,2018-03-16,10000000.0,40826341.0,65520633.0
Mile 22,STX,30200000,2018-08-17,35000000.0,36108758.0,66295121.0
Life of the Party,WB (NL),12800000,2018-05-11,30000000.0,53059911.0,65759911.0
Adrift,STX,28500000,2018-06-01,35000000.0,31445011.0,57897191.0
The 15:17 to Paris,WB,20800000,2018-02-09,30000000.0,36276286.0,56096200.0
Early Man,LGF,46400000,2018-02-16,50000000.0,8267544.0,45285890.0
Peppermint,STX,18400000,2018-09-07,25000000.0,35418723.0,51800758.0
Teen Titans Go! To The Movies,WB,22300000,2018-07-27,10000000.0,29790236.0,51620593.0
Slender Man,SGem,21200000,2018-08-10,10000000.0,30564825.0,51723644.0
Uncle Drew,LG/S,4200000,2018-06-29,18000000.0,42469946.0,46527161.0
Mary Queen of Scots,Focus,29900000,2018-12-07,25000000.0,16468499.0,46734733.0
The Possession of Hannah Grace,SGem,28200000,2018-11-30,6000000.0,14836174.0,42785387.0
The Darkest Minds,Fox,28400000,2018-08-03,34000000.0,12695691.0,38361428.0
On the Basis of Sex,Focus,13600000,2018-12-25,20000000.0,24622687.0,38073377.0
The Hate U Give,Fox,5200000,2018-10-05,23000000.0,29719483.0,35067665.0
White Boy Rick,Studio 8,1900000,2018-09-14,30000000.0,24004833.0,25947983.0
"Paul, Apostle of Christ",Affirm,5500000,2018-03-23,5000000.0,17547999.0,25529498.0
Proud Mary,SGem,876000,2018-01-12,30000000.0,20868638.0,21709539.0
Superfly,Sony,236000,2018-06-13,16000000.0,20537137.0,20723581.0
If Beale Street Could Talk,Annapurna,5700000,2018-12-14,12000000.0,14915773.0,19859167.0
Hell Fest,LGF,7100000,2018-09-28,5500000.0,11107431.0,18119231.0
Unfriended: Dark Web,BH Tilt,6300000,2018-07-20,1000000.0,8866745.0,16434588.0
Upgrade,BH Tilt,2400000,2018-06-01,3000000.0,11977130.0,16553285.0
Unsane,BST,6600000,2018-03-23,1500000.0,7690044.0,14244931.0
The Sisters Brothers,Annapurna,10000000,2018-09-21,38000000.0,3143056.0,13143056.0
Welcome to Marwen,Uni.,2100000,2018-12-21,45000000.0,10763520.0,12874922.0
Hotel Artemis,Global Road,6000000,2018-06-08,15000000.0,6708137.0,12758799.0
Kin,LGF,4300000,2018-08-31,30000000.0,5718096.0,10096821.0
Suspiria,Amazon,5400000,2018-10-26,20000000.0,2483472.0,7034615.0
Destroyer,Annapurna,4000000,2018-12-25,9000000.0,1533324.0,3681096.0
Bilal: A New Breed of Hero,VE,1700000,2018-02-02,30000000.0,490973.0,648599.0
